/*
SQLyog Trial v13.1.8 (64 bit)
MySQL - 8.0.17 : Database - rabc-admin
*********************************************************************
*/

/*!40101 SET NAMES utf8 */;

/*!40101 SET SQL_MODE=''*/;

/*!40014 SET @OLD_UNIQUE_CHECKS=@@UNIQUE_CHECKS, UNIQUE_CHECKS=0 */;
/*!40014 SET @OLD_FOREIGN_KEY_CHECKS=@@FOREIGN_KEY_CHECKS, FOREIGN_KEY_CHECKS=0 */;
/*!40101 SET @OLD_SQL_MODE=@@SQL_MODE, SQL_MODE='NO_AUTO_VALUE_ON_ZERO' */;
/*!40111 SET @OLD_SQL_NOTES=@@SQL_NOTES, SQL_NOTES=0 */;
CREATE DATABASE /*!32312 IF NOT EXISTS*/`rabc-admin` /*!40100 DEFAULT CHARACTER SET utf8mb4 COLLATE utf8mb4_0900_ai_ci */ /*!80016 DEFAULT ENCRYPTION='N' */;

USE `rabc-admin`;

/*Table structure for table `hibernate_sequence` */

DROP TABLE IF EXISTS `hibernate_sequence`;

CREATE TABLE `hibernate_sequence` (
  `next_val` bigint(20) DEFAULT NULL
) ENGINE=InnoDB DEFAULT CHARSET=utf8 COLLATE=utf8_german2_ci ROW_FORMAT=DYNAMIC;

/*Data for the table `hibernate_sequence` */

insert  into `hibernate_sequence`(`next_val`) values 
(23);

/*Table structure for table `sys_log` */

DROP TABLE IF EXISTS `sys_log`;

CREATE TABLE `sys_log` (
  `id` bigint(20) NOT NULL AUTO_INCREMENT COMMENT '主键',
  `log_type` varchar(2) CHARACTER SET utf8 COLLATE utf8_german2_ci DEFAULT NULL COMMENT '日志类型（1正常 2错误）',
  `method` varchar(100) CHARACTER SET utf8 COLLATE utf8_german2_ci DEFAULT NULL COMMENT '请求方式',
  `params` varchar(255) CHARACTER SET utf8 COLLATE utf8_german2_ci DEFAULT NULL COMMENT '请求参数',
  `time` bigint(20) DEFAULT NULL COMMENT '耗时（毫秒）',
  `ip` varchar(20) CHARACTER SET utf8 COLLATE utf8_german2_ci DEFAULT NULL COMMENT 'IP',
  `username` varchar(100) CHARACTER SET utf8 COLLATE utf8_german2_ci DEFAULT NULL COMMENT '请求用户名',
  `exception_detail` text CHARACTER SET utf8 COLLATE utf8_german2_ci COMMENT '错误信息详情',
  `create_time` datetime DEFAULT NULL COMMENT '创建时间',
  `description` varchar(255) CHARACTER SET utf8 COLLATE utf8_german2_ci DEFAULT NULL COMMENT '描述',
  PRIMARY KEY (`id`) USING BTREE
) ENGINE=InnoDB AUTO_INCREMENT=7049 DEFAULT CHARSET=utf8 COLLATE=utf8_german2_ci ROW_FORMAT=DYNAMIC;

/*Data for the table `sys_log` */

insert  into `sys_log`(`id`,`log_type`,`method`,`params`,`time`,`ip`,`username`,`exception_detail`,`create_time`,`description`) values 
(6730,'1','com.ems.system.controller.LoginController.login()','{com.ems.system.entity.dto.UserDto@fbe172c SecurityContextHolderAwareRequestWrapper[ org.springframework.security.web.header.HeaderWriterFilter$HeaderWriterRequest@1e5e9499]  }',831,'192.168.32.1','admin',NULL,'2024-10-11 23:33:38','用户登录'),
(6731,'1','com.ems.system.controller.SysMenuController.getMenuTree()','{ }',27,'192.168.32.1','admin',NULL,'2024-10-11 23:33:39','获取菜单树'),
(6732,'1','com.ems.system.controller.SysMenuController.getPermission()','{ }',18,'192.168.32.1','admin',NULL,'2024-10-11 23:33:39','获取权限列表'),
(6733,'1','com.ems.system.controller.SysUserController.queryUserTable()','{com.ems.system.entity.dto.QueryDto@753768ef  }',95,'192.168.32.1','admin',NULL,'2024-10-11 23:33:42','查询用户列表'),
(6734,'1','com.ems.system.controller.SysUserController.queryUserTable()','{com.ems.system.entity.dto.QueryDto@4d2e33b0  }',14,'192.168.32.1','admin',NULL,'2024-10-11 23:33:42','查询用户列表'),
(6735,'1','com.ems.system.controller.SysUserController.queryUserTable()','{com.ems.system.entity.dto.QueryDto@721ff3e7  }',19,'192.168.32.1','admin',NULL,'2024-10-11 23:33:44','查询用户列表'),
(6736,'1','com.ems.system.controller.SysMenuController.getMenuTable()','{  }',15,'192.168.32.1','admin',NULL,'2024-10-11 23:33:44','获取菜单列表'),
(6737,'1','com.ems.system.controller.SysMenuController.getMenuTable()','{  }',10,'192.168.32.1','admin',NULL,'2024-10-11 23:33:44','获取菜单列表'),
(6738,'1','com.ems.system.controller.SysMenuController.getMenuTable()','{  }',11,'192.168.32.1','admin',NULL,'2024-10-11 23:33:44','获取菜单列表'),
(6739,'1','com.ems.system.controller.SysMenuController.getMenuTree()','{ }',13,'192.168.32.1','admin',NULL,'2024-10-11 23:34:56','获取菜单树'),
(6740,'1','com.ems.system.controller.SysMenuController.getPermission()','{ }',12,'192.168.32.1','admin',NULL,'2024-10-11 23:34:56','获取权限列表'),
(6741,'1','com.ems.system.controller.SysMenuController.getMenuTree()','{ }',11,'192.168.32.1','admin',NULL,'2024-10-11 23:38:46','获取菜单树'),
(6742,'1','com.ems.system.controller.SysMenuController.getPermission()','{ }',10,'192.168.32.1','admin',NULL,'2024-10-11 23:38:46','获取权限列表'),
(6743,'1','com.ems.system.controller.SysUserController.queryUserTable()','{com.ems.system.entity.dto.QueryDto@321f76a7  }',22,'192.168.32.1','admin',NULL,'2024-10-11 23:38:49','查询用户列表'),
(6744,'1','com.ems.system.controller.SysUserController.queryUserTable()','{com.ems.system.entity.dto.QueryDto@e7940d  }',16,'192.168.32.1','admin',NULL,'2024-10-11 23:38:49','查询用户列表'),
(6745,'1','com.ems.system.controller.SysUserController.queryUserTable()','{com.ems.system.entity.dto.QueryDto@11a2ac13  }',17,'192.168.32.1','admin',NULL,'2024-10-11 23:38:49','查询用户列表'),
(6746,'1','com.ems.system.controller.SysMenuController.getMenuTable()','{  }',8,'192.168.32.1','admin',NULL,'2024-10-11 23:38:49','获取菜单列表'),
(6747,'1','com.ems.system.controller.SysMenuController.getMenuTable()','{  }',9,'192.168.32.1','admin',NULL,'2024-10-11 23:38:50','获取菜单列表'),
(6748,'1','com.ems.system.controller.SysMenuController.getMenuTable()','{  }',8,'192.168.32.1','admin',NULL,'2024-10-11 23:38:50','获取菜单列表'),
(6749,'1','com.ems.system.controller.SysMenuController.getMenuTable()','{  }',16,'192.168.32.1','admin',NULL,'2024-10-11 23:38:51','获取菜单列表'),
(6750,'1','com.ems.system.controller.SysRoleController.getRoleList()','{  }',7,'192.168.32.1','admin',NULL,'2024-10-11 23:38:51','获取角色列表'),
(6751,'1','com.ems.system.controller.SysRoleController.getRoleList()','{  }',7,'192.168.32.1','admin',NULL,'2024-10-11 23:38:51','获取角色列表'),
(6752,'1','com.ems.system.controller.SysRoleController.getRoleList()','{  }',6,'192.168.32.1','admin',NULL,'2024-10-11 23:38:51','获取角色列表'),
(6753,'1','com.ems.system.controller.SysRoleController.getRoleList()','{  }',6,'192.168.32.1','admin',NULL,'2024-10-11 23:38:51','获取角色列表'),
(6754,'1','com.ems.system.controller.SysUserController.queryUserTable()','{com.ems.system.entity.dto.QueryDto@51583872  }',8,'192.168.32.1','admin',NULL,'2024-10-11 23:38:54','查询用户列表'),
(6755,'1','com.ems.system.controller.SysUserController.queryUserTable()','{com.ems.system.entity.dto.QueryDto@58ffd48  }',10,'192.168.32.1','admin',NULL,'2024-10-11 23:38:54','查询用户列表'),
(6756,'1','com.ems.system.controller.SysUserController.queryUserTable()','{com.ems.system.entity.dto.QueryDto@2f300e6  }',8,'192.168.32.1','admin',NULL,'2024-10-11 23:38:54','查询用户列表'),
(6757,'1','com.ems.system.controller.SysMenuController.getMenuTable()','{  }',9,'192.168.32.1','admin',NULL,'2024-10-11 23:38:54','获取菜单列表'),
(6758,'1','com.ems.system.controller.SysUserController.queryUserTable()','{com.ems.system.entity.dto.QueryDto@30e731c4  }',9,'192.168.32.1','admin',NULL,'2024-10-11 23:38:55','查询用户列表'),
(6759,'1','com.ems.system.controller.SysMenuController.getMenuTable()','{  }',6,'192.168.32.1','admin',NULL,'2024-10-11 23:38:55','获取菜单列表'),
(6760,'1','com.ems.system.controller.SysMenuController.getMenuTable()','{  }',7,'192.168.32.1','admin',NULL,'2024-10-11 23:38:55','获取菜单列表'),
(6761,'1','com.ems.system.controller.SysMenuController.getMenuTable()','{  }',8,'192.168.32.1','admin',NULL,'2024-10-11 23:38:55','获取菜单列表'),
(6762,'1','com.ems.system.controller.SysRoleController.getRoleList()','{  }',5,'192.168.32.1','admin',NULL,'2024-10-11 23:38:59','获取角色列表'),
(6763,'1','com.ems.system.controller.SysRoleController.getRoleList()','{  }',5,'192.168.32.1','admin',NULL,'2024-10-11 23:38:59','获取角色列表'),
(6764,'1','com.ems.system.controller.SysRoleController.getRoleList()','{  }',4,'192.168.32.1','admin',NULL,'2024-10-11 23:38:59','获取角色列表'),
(6765,'1','com.ems.system.controller.SysRoleController.getRoleList()','{  }',4,'192.168.32.1','admin',NULL,'2024-10-11 23:38:59','获取角色列表'),
(6766,'1','com.ems.system.controller.SysUserController.queryUserTable()','{com.ems.system.entity.dto.QueryDto@7e83f1a5  }',9,'192.168.32.1','admin',NULL,'2024-10-11 23:39:00','查询用户列表'),
(6767,'1','com.ems.system.controller.SysUserController.queryUserTable()','{com.ems.system.entity.dto.QueryDto@68ac000b  }',9,'192.168.32.1','admin',NULL,'2024-10-11 23:39:00','查询用户列表'),
(6768,'1','com.ems.system.controller.SysUserController.queryUserTable()','{com.ems.system.entity.dto.QueryDto@71e92373  }',9,'192.168.32.1','admin',NULL,'2024-10-11 23:39:01','查询用户列表'),
(6769,'1','com.ems.system.controller.SysUserController.queryUserTable()','{com.ems.system.entity.dto.QueryDto@55093d25  }',9,'192.168.32.1','admin',NULL,'2024-10-11 23:39:01','查询用户列表'),
(6770,'1','com.ems.system.controller.SysMenuController.getMenuTable()','{  }',6,'192.168.32.1','admin',NULL,'2024-10-11 23:39:02','获取菜单列表'),
(6771,'1','com.ems.system.controller.SysMenuController.getMenuTable()','{  }',8,'192.168.32.1','admin',NULL,'2024-10-11 23:39:02','获取菜单列表'),
(6772,'1','com.ems.system.controller.SysMenuController.getMenuTable()','{  }',5,'192.168.32.1','admin',NULL,'2024-10-11 23:39:02','获取菜单列表'),
(6773,'1','com.ems.system.controller.SysMenuController.getMenuTable()','{  }',6,'192.168.32.1','admin',NULL,'2024-10-11 23:39:02','获取菜单列表'),
(6774,'1','com.ems.system.controller.SysRoleController.getRoleList()','{  }',4,'192.168.32.1','admin',NULL,'2024-10-11 23:39:03','获取角色列表'),
(6775,'1','com.ems.system.controller.SysRoleController.getRoleList()','{  }',4,'192.168.32.1','admin',NULL,'2024-10-11 23:39:03','获取角色列表'),
(6776,'1','com.ems.system.controller.SysRoleController.getRoleList()','{  }',3,'192.168.32.1','admin',NULL,'2024-10-11 23:39:03','获取角色列表'),
(6777,'1','com.ems.system.controller.SysRoleController.getRoleList()','{  }',3,'192.168.32.1','admin',NULL,'2024-10-11 23:39:04','获取角色列表'),
(6778,'1','com.ems.system.controller.SysMenuController.getMenuTable()','{  }',5,'192.168.32.1','admin',NULL,'2024-10-11 23:39:04','获取菜单列表'),
(6779,'1','com.ems.system.controller.SysMenuController.getMenuTable()','{  }',5,'192.168.32.1','admin',NULL,'2024-10-11 23:39:04','获取菜单列表'),
(6780,'1','com.ems.system.controller.SysMenuController.getMenuTable()','{  }',5,'192.168.32.1','admin',NULL,'2024-10-11 23:39:04','获取菜单列表'),
(6781,'1','com.ems.system.controller.SysMenuController.getMenuTable()','{  }',5,'192.168.32.1','admin',NULL,'2024-10-11 23:39:05','获取菜单列表'),
(6782,'1','com.ems.system.controller.SysUserController.queryUserTable()','{com.ems.system.entity.dto.QueryDto@406fec81  }',11,'192.168.32.1','admin',NULL,'2024-10-11 23:39:05','查询用户列表'),
(6783,'1','com.ems.system.controller.SysUserController.queryUserTable()','{com.ems.system.entity.dto.QueryDto@336753c9  }',9,'192.168.32.1','admin',NULL,'2024-10-11 23:39:05','查询用户列表'),
(6784,'1','com.ems.system.controller.SysUserController.queryUserTable()','{com.ems.system.entity.dto.QueryDto@45e581f9  }',8,'192.168.32.1','admin',NULL,'2024-10-11 23:39:06','查询用户列表'),
(6785,'1','com.ems.system.controller.SysUserController.queryUserTable()','{com.ems.system.entity.dto.QueryDto@213e7d87  }',10,'192.168.32.1','admin',NULL,'2024-10-11 23:39:06','查询用户列表'),
(6786,'1','com.ems.system.controller.SysMenuController.getMenuTable()','{  }',5,'192.168.32.1','admin',NULL,'2024-10-11 23:39:07','获取菜单列表'),
(6787,'1','com.ems.system.controller.SysMenuController.getMenuTable()','{  }',5,'192.168.32.1','admin',NULL,'2024-10-11 23:39:08','获取菜单列表'),
(6788,'1','com.ems.system.controller.SysMenuController.getMenuTable()','{  }',5,'192.168.32.1','admin',NULL,'2024-10-11 23:39:08','获取菜单列表'),
(6789,'1','com.ems.system.controller.SysMenuController.getMenuTable()','{  }',5,'192.168.32.1','admin',NULL,'2024-10-11 23:39:08','获取菜单列表'),
(6790,'2','com.ems.system.controller.LoginController.login()','{com.ems.system.entity.dto.UserDto@14a0145b SecurityContextHolderAwareRequestWrapper[ org.springframework.security.web.header.HeaderWriterFilter$HeaderWriterRequest@847b12c]  }',151,'192.168.32.1','admin','org.springframework.security.authentication.BadCredentialsException: 用户名或密码错误\r\n	at org.springframework.security.authentication.dao.DaoAuthenticationProvider.additionalAuthenticationChecks(DaoAuthenticationProvider.java:89)\r\n	at org.springframework.security.authentication.dao.AbstractUserDetailsAuthenticationProvider.authenticate(AbstractUserDetailsAuthenticationProvider.java:147)\r\n	at org.springframework.security.authentication.ProviderManager.authenticate(ProviderManager.java:182)\r\n	at com.ems.system.controller.LoginController.login(LoginController.java:68)\r\n	at java.base/jdk.internal.reflect.NativeMethodAccessorImpl.invoke0(Native Method)\r\n	at java.base/jdk.internal.reflect.NativeMethodAccessorImpl.invoke(NativeMethodAccessorImpl.java:77)\r\n	at java.base/jdk.internal.reflect.DelegatingMethodAccessorImpl.invoke(DelegatingMethodAccessorImpl.java:43)\r\n	at java.base/java.lang.reflect.Method.invoke(Method.java:568)\r\n	at org.springframework.aop.support.AopUtils.invokeJoinpointUsingReflection(AopUtils.java:343)\r\n	at org.springframework.aop.framework.ReflectiveMethodInvocation.invokeJoinpoint(ReflectiveMethodInvocation.java:196)\r\n	at org.springframework.aop.framework.ReflectiveMethodInvocation.proceed(ReflectiveMethodInvocation.java:163)\r\n	at org.springframework.aop.framework.CglibAopProxy$CglibMethodInvocation.proceed(CglibAopProxy.java:751)\r\n	at org.springframework.aop.aspectj.AspectJAfterThrowingAdvice.invoke(AspectJAfterThrowingAdvice.java:64)\r\n	at org.springframework.aop.framework.ReflectiveMethodInvocation.proceed(ReflectiveMethodInvocation.java:173)\r\n	at org.springframework.aop.framework.CglibAopProxy$CglibMethodInvocation.proceed(CglibAopProxy.java:751)\r\n	at org.springframework.aop.aspectj.MethodInvocationProceedingJoinPoint.proceed(MethodInvocationProceedingJoinPoint.java:89)\r\n	at com.ems.logs.ascept.LogAspect.logAround(LogAspect.java:63)\r\n	at jdk.internal.reflect.GeneratedMethodAccessor69.invoke(Unknown Source)\r\n	at java.base/jdk.internal.reflect.DelegatingMethodAccessorImpl.invoke(DelegatingMethodAccessorImpl.java:43)\r\n	at java.base/java.lang.reflect.Method.invoke(Method.java:568)\r\n	at org.springframework.aop.aspectj.AbstractAspectJAdvice.invokeAdviceMethodWithGivenArgs(AbstractAspectJAdvice.java:637)\r\n	at org.springframework.aop.aspectj.AbstractAspectJAdvice.invokeAdviceMethod(AbstractAspectJAdvice.java:627)\r\n	at org.springframework.aop.aspectj.AspectJAroundAdvice.invoke(AspectJAroundAdvice.java:71)\r\n	at org.springframework.aop.framework.ReflectiveMethodInvocation.proceed(ReflectiveMethodInvocation.java:173)\r\n	at org.springframework.aop.framework.CglibAopProxy$CglibMethodInvocation.proceed(CglibAopProxy.java:751)\r\n	at org.springframework.aop.interceptor.ExposeInvocationInterceptor.invoke(ExposeInvocationInterceptor.java:97)\r\n	at org.springframework.aop.framework.ReflectiveMethodInvocation.proceed(ReflectiveMethodInvocation.java:184)\r\n	at org.springframework.aop.framework.CglibAopProxy$CglibMethodInvocation.proceed(CglibAopProxy.java:751)\r\n	at org.springframework.aop.framework.CglibAopProxy$DynamicAdvisedInterceptor.intercept(CglibAopProxy.java:703)\r\n	at com.ems.system.controller.LoginController$$SpringCGLIB$$0.login(<generated>)\r\n	at java.base/jdk.internal.reflect.NativeMethodAccessorImpl.invoke0(Native Method)\r\n	at java.base/jdk.internal.reflect.NativeMethodAccessorImpl.invoke(NativeMethodAccessorImpl.java:77)\r\n	at java.base/jdk.internal.reflect.DelegatingMethodAccessorImpl.invoke(DelegatingMethodAccessorImpl.java:43)\r\n	at java.base/java.lang.reflect.Method.invoke(Method.java:568)\r\n	at org.springframework.web.method.support.InvocableHandlerMethod.doInvoke(InvocableHandlerMethod.java:205)\r\n	at org.springframework.web.method.support.InvocableHandlerMethod.invokeForRequest(InvocableHandlerMethod.java:150)\r\n	at org.springframework.web.servlet.mvc.method.annotation.ServletInvocableHandlerMethod.invokeAndHandle(ServletInvocableHandlerMethod.java:118)\r\n	at org.springframework.web.servlet.mvc.method.annotation.RequestMappingHandlerAdapter.invokeHandlerMethod(RequestMappingHandlerAdapter.java:884)\r\n	at org.springframework.web.servlet.mvc.method.annotation.RequestMappingHandlerAdapter.handleInternal(RequestMappingHandlerAdapter.java:797)\r\n	at org.springframework.web.servlet.mvc.method.AbstractHandlerMethodAdapter.handle(AbstractHandlerMethodAdapter.java:87)\r\n	at org.springframework.web.servlet.DispatcherServlet.doDispatch(DispatcherServlet.java:1081)\r\n	at org.springframework.web.servlet.DispatcherServlet.doService(DispatcherServlet.java:974)\r\n	at org.springframework.web.servlet.FrameworkServlet.processRequest(FrameworkServlet.java:1011)\r\n	at org.springframework.web.servlet.FrameworkServlet.doPost(FrameworkServlet.java:914)\r\n	at jakarta.servlet.http.HttpServlet.service(HttpServlet.java:590)\r\n	at org.springframework.web.servlet.FrameworkServlet.service(FrameworkServlet.java:885)\r\n	at jakarta.servlet.http.HttpServlet.service(HttpServlet.java:658)\r\n	at org.apache.catalina.core.ApplicationFilterChain.internalDoFilter(ApplicationFilterChain.java:205)\r\n	at org.apache.catalina.core.ApplicationFilterChain.doFilter(ApplicationFilterChain.java:149)\r\n	at org.apache.tomcat.websocket.server.WsFilter.doFilter(WsFilter.java:51)\r\n	at org.apache.catalina.core.ApplicationFilterChain.internalDoFilter(ApplicationFilterChain.java:174)\r\n	at org.apache.catalina.core.ApplicationFilterChain.doFilter(ApplicationFilterChain.java:149)\r\n	at org.springframework.web.filter.OncePerRequestFilter.doFilter(OncePerRequestFilter.java:110)\r\n	at org.apache.catalina.core.ApplicationFilterChain.internalDoFilter(ApplicationFilterChain.java:174)\r\n	at org.apache.catalina.core.ApplicationFilterChain.doFilter(ApplicationFilterChain.java:149)\r\n	at org.springframework.web.filter.OncePerRequestFilter.doFilter(OncePerRequestFilter.java:110)\r\n	at org.apache.catalina.core.ApplicationFilterChain.internalDoFilter(ApplicationFilterChain.java:174)\r\n	at org.apache.catalina.core.ApplicationFilterChain.doFilter(ApplicationFilterChain.java:149)\r\n	at org.springframework.security.web.FilterChainProxy.lambda$doFilterInternal$3(FilterChainProxy.java:231)\r\n	at org.springframework.security.web.FilterChainProxy$VirtualFilterChain.doFilter(FilterChainProxy.java:365)\r\n	at org.springframework.security.web.access.intercept.AuthorizationFilter.doFilter(AuthorizationFilter.java:100)\r\n	at org.springframework.security.web.FilterChainProxy$VirtualFilterChain.doFilter(FilterChainProxy.java:374)\r\n	at org.springframework.security.web.access.ExceptionTranslationFilter.doFilter(ExceptionTranslationFilter.java:126)\r\n	at org.springframework.security.web.access.ExceptionTranslationFilter.doFilter(ExceptionTranslationFilter.java:120)\r\n	at org.springframework.security.web.FilterChainProxy$VirtualFilterChain.doFilter(FilterChainProxy.java:374)\r\n	at org.springframework.security.web.session.SessionManagementFilter.doFilter(SessionManagementFilter.java:131)\r\n	at org.springframework.security.web.session.SessionManagementFilter.doFilter(SessionManagementFilter.java:85)\r\n	at org.springframework.security.web.FilterChainProxy$VirtualFilterChain.doFilter(FilterChainProxy.java:374)\r\n	at org.springframework.security.web.authentication.AnonymousAuthenticationFilter.doFilter(AnonymousAuthenticationFilter.java:100)\r\n	at org.springframework.security.web.FilterChainProxy$VirtualFilterChain.doFilter(FilterChainProxy.java:374)\r\n	at org.springframework.security.web.servletapi.SecurityContextHolderAwareRequestFilter.doFilter(SecurityContextHolderAwareRequestFilter.java:179)\r\n	at org.springframework.security.web.FilterChainProxy$VirtualFilterChain.doFilter(FilterChainProxy.java:374)\r\n	at org.springframework.security.web.savedrequest.RequestCacheAwareFilter.doFilter(RequestCacheAwareFilter.java:63)\r\n	at org.springframework.security.web.FilterChainProxy$VirtualFilterChain.doFilter(FilterChainProxy.java:374)\r\n	at com.ems.config.filter.JwtAuthorizationFilter.doFilterInternal(JwtAuthorizationFilter.java:56)\r\n	at org.springframework.web.filter.OncePerRequestFilter.doFilter(OncePerRequestFilter.java:116)\r\n	at org.springframework.security.web.FilterChainProxy$VirtualFilterChain.doFilter(FilterChainProxy.java:374)\r\n	at org.springframework.web.filter.CorsFilter.doFilterInternal(CorsFilter.java:91)\r\n	at org.springframework.web.filter.OncePerRequestFilter.doFilter(OncePerRequestFilter.java:116)\r\n	at org.springframework.security.web.FilterChainProxy$VirtualFilterChain.doFilter(FilterChainProxy.java:374)\r\n	at org.springframework.security.web.authentication.logout.LogoutFilter.doFilter(LogoutFilter.java:107)\r\n	at org.springframework.security.web.authentication.logout.LogoutFilter.doFilter(LogoutFilter.java:93)\r\n	at org.springframework.security.web.FilterChainProxy$VirtualFilterChain.doFilter(FilterChainProxy.java:374)\r\n	at org.springframework.security.web.header.HeaderWriterFilter.doHeadersAfter(HeaderWriterFilter.java:90)\r\n	at org.springframework.security.web.header.HeaderWriterFilter.doFilterInternal(HeaderWriterFilter.java:75)\r\n	at org.springframework.web.filter.OncePerRequestFilter.doFilter(OncePerRequestFilter.java:116)\r\n	at org.springframework.security.web.FilterChainProxy$VirtualFilterChain.doFilter(FilterChainProxy.java:374)\r\n	at org.springframework.security.web.context.SecurityContextHolderFilter.doFilter(SecurityContextHolderFilter.java:82)\r\n	at org.springframework.security.web.context.SecurityContextHolderFilter.doFilter(SecurityContextHolderFilter.java:69)\r\n	at org.springframework.security.web.FilterChainProxy$VirtualFilterChain.doFilter(FilterChainProxy.java:374)\r\n	at org.springframework.security.web.context.request.async.WebAsyncManagerIntegrationFilter.doFilterInternal(WebAsyncManagerIntegrationFilter.java:62)\r\n	at org.springframework.web.filter.OncePerRequestFilter.doFilter(OncePerRequestFilter.java:116)\r\n	at org.springframework.security.web.FilterChainProxy$VirtualFilterChain.doFilter(FilterChainProxy.java:374)\r\n	at org.springframework.security.web.session.DisableEncodeUrlFilter.doFilterInternal(DisableEncodeUrlFilter.java:42)\r\n	at org.springframework.web.filter.OncePerRequestFilter.doFilter(OncePerRequestFilter.java:116)\r\n	at org.springframework.security.web.FilterChainProxy$VirtualFilterChain.doFilter(FilterChainProxy.java:374)\r\n	at org.springframework.security.web.FilterChainProxy.doFilterInternal(FilterChainProxy.java:233)\r\n	at org.springframework.security.web.FilterChainProxy.doFilter(FilterChainProxy.java:191)\r\n	at org.springframework.web.filter.DelegatingFilterProxy.invokeDelegate(DelegatingFilterProxy.java:352)\r\n	at org.springframework.web.filter.DelegatingFilterProxy.doFilter(DelegatingFilterProxy.java:268)\r\n	at org.apache.catalina.core.ApplicationFilterChain.internalDoFilter(ApplicationFilterChain.java:174)\r\n	at org.apache.catalina.core.ApplicationFilterChain.doFilter(ApplicationFilterChain.java:149)\r\n	at org.springframework.web.filter.RequestContextFilter.doFilterInternal(RequestContextFilter.java:100)\r\n	at org.springframework.web.filter.OncePerRequestFilter.doFilter(OncePerRequestFilter.java:116)\r\n	at org.apache.catalina.core.ApplicationFilterChain.internalDoFilter(ApplicationFilterChain.java:174)\r\n	at org.apache.catalina.core.ApplicationFilterChain.doFilter(ApplicationFilterChain.java:149)\r\n	at org.springframework.web.filter.FormContentFilter.doFilterInternal(FormContentFilter.java:93)\r\n	at org.springframework.web.filter.OncePerRequestFilter.doFilter(OncePerRequestFilter.java:116)\r\n	at org.apache.catalina.core.ApplicationFilterChain.internalDoFilter(ApplicationFilterChain.java:174)\r\n	at org.apache.catalina.core.ApplicationFilterChain.doFilter(ApplicationFilterChain.java:149)\r\n	at org.springframework.web.filter.CharacterEncodingFilter.doFilterInternal(CharacterEncodingFilter.java:201)\r\n	at org.springframework.web.filter.OncePerRequestFilter.doFilter(OncePerRequestFilter.java:116)\r\n	at org.apache.catalina.core.ApplicationFilterChain.internalDoFilter(ApplicationFilterChain.java:174)\r\n	at org.apache.catalina.core.ApplicationFilterChain.doFilter(ApplicationFilterChain.java:149)\r\n	at org.apache.catalina.core.StandardWrapperValve.invoke(StandardWrapperValve.java:167)\r\n	at org.apache.catalina.core.StandardContextValve.invoke(StandardContextValve.java:90)\r\n	at org.apache.catalina.authenticator.AuthenticatorBase.invoke(AuthenticatorBase.java:482)\r\n	at org.apache.catalina.core.StandardHostValve.invoke(StandardHostValve.java:115)\r\n	at org.apache.catalina.valves.ErrorReportValve.invoke(ErrorReportValve.java:93)\r\n	at org.apache.catalina.core.StandardEngineValve.invoke(StandardEngineValve.java:74)\r\n	at org.apache.catalina.connector.CoyoteAdapter.service(CoyoteAdapter.java:340)\r\n	at org.apache.coyote.http11.Http11Processor.service(Http11Processor.java:391)\r\n	at org.apache.coyote.AbstractProcessorLight.process(AbstractProcessorLight.java:63)\r\n	at org.apache.coyote.AbstractProtocol$ConnectionHandler.process(AbstractProtocol.java:896)\r\n	at org.apache.tomcat.util.net.NioEndpoint$SocketProcessor.doRun(NioEndpoint.java:1744)\r\n	at org.apache.tomcat.util.net.SocketProcessorBase.run(SocketProcessorBase.java:52)\r\n	at org.apache.tomcat.util.threads.ThreadPoolExecutor.runWorker(ThreadPoolExecutor.java:1191)\r\n	at org.apache.tomcat.util.threads.ThreadPoolExecutor$Worker.run(ThreadPoolExecutor.java:659)\r\n	at org.apache.tomcat.util.threads.TaskThread$WrappingRunnable.run(TaskThread.java:61)\r\n	at java.base/java.lang.Thread.run(Thread.java:842)\r\n','2024-10-11 23:40:38','用户登录'),
(6791,'1','com.ems.system.controller.LoginController.login()','{com.ems.system.entity.dto.UserDto@d72a129 SecurityContextHolderAwareRequestWrapper[ org.springframework.security.web.header.HeaderWriterFilter$HeaderWriterRequest@69f3d3e9]  }',149,'192.168.32.1','admin',NULL,'2024-10-11 23:41:04','用户登录'),
(6792,'1','com.ems.system.controller.SysMenuController.getPermission()','{ }',8,'192.168.32.1','admin',NULL,'2024-10-11 23:41:04','获取权限列表'),
(6793,'1','com.ems.system.controller.SysMenuController.getMenuTree()','{ }',9,'192.168.32.1','admin',NULL,'2024-10-11 23:41:04','获取菜单树'),
(6794,'1','com.ems.system.controller.SysUserController.queryUserTable()','{com.ems.system.entity.dto.QueryDto@696eada5  }',9,'192.168.32.1','admin',NULL,'2024-10-11 23:51:42','查询用户列表'),
(6795,'1','com.ems.system.controller.SysUserController.queryUserTable()','{com.ems.system.entity.dto.QueryDto@74240986  }',8,'192.168.32.1','admin',NULL,'2024-10-11 23:51:42','查询用户列表'),
(6796,'1','com.ems.system.controller.SysUserController.queryUserTable()','{com.ems.system.entity.dto.QueryDto@2efd9e39  }',10,'192.168.32.1','admin',NULL,'2024-10-11 23:51:45','查询用户列表'),
(6797,'1','com.ems.system.controller.SysMenuController.getMenuTable()','{  }',6,'192.168.32.1','admin',NULL,'2024-10-11 23:51:45','获取菜单列表'),
(6798,'1','com.ems.system.controller.SysMenuController.getMenuTable()','{  }',5,'192.168.32.1','admin',NULL,'2024-10-11 23:51:45','获取菜单列表'),
(6799,'1','com.ems.system.controller.SysMenuController.getMenuTable()','{  }',5,'192.168.32.1','admin',NULL,'2024-10-11 23:51:46','获取菜单列表'),
(6800,'2','com.ems.system.controller.LoginController.login()','{com.ems.system.entity.dto.UserDto@111efddb SecurityContextHolderAwareRequestWrapper[ org.springframework.security.web.header.HeaderWriterFilter$HeaderWriterRequest@4f42d007]  }',570,'10.25.247.47','admin','org.springframework.security.authentication.BadCredentialsException: 用户名或密码错误\r\n	at org.springframework.security.authentication.dao.DaoAuthenticationProvider.additionalAuthenticationChecks(DaoAuthenticationProvider.java:89)\r\n	at org.springframework.security.authentication.dao.AbstractUserDetailsAuthenticationProvider.authenticate(AbstractUserDetailsAuthenticationProvider.java:147)\r\n	at org.springframework.security.authentication.ProviderManager.authenticate(ProviderManager.java:182)\r\n	at com.ems.system.controller.LoginController.login(LoginController.java:68)\r\n	at java.base/jdk.internal.reflect.NativeMethodAccessorImpl.invoke0(Native Method)\r\n	at java.base/jdk.internal.reflect.NativeMethodAccessorImpl.invoke(NativeMethodAccessorImpl.java:77)\r\n	at java.base/jdk.internal.reflect.DelegatingMethodAccessorImpl.invoke(DelegatingMethodAccessorImpl.java:43)\r\n	at java.base/java.lang.reflect.Method.invoke(Method.java:568)\r\n	at org.springframework.aop.support.AopUtils.invokeJoinpointUsingReflection(AopUtils.java:343)\r\n	at org.springframework.aop.framework.ReflectiveMethodInvocation.invokeJoinpoint(ReflectiveMethodInvocation.java:196)\r\n	at org.springframework.aop.framework.ReflectiveMethodInvocation.proceed(ReflectiveMethodInvocation.java:163)\r\n	at org.springframework.aop.framework.CglibAopProxy$CglibMethodInvocation.proceed(CglibAopProxy.java:751)\r\n	at org.springframework.aop.aspectj.AspectJAfterThrowingAdvice.invoke(AspectJAfterThrowingAdvice.java:64)\r\n	at org.springframework.aop.framework.ReflectiveMethodInvocation.proceed(ReflectiveMethodInvocation.java:173)\r\n	at org.springframework.aop.framework.CglibAopProxy$CglibMethodInvocation.proceed(CglibAopProxy.java:751)\r\n	at org.springframework.aop.aspectj.MethodInvocationProceedingJoinPoint.proceed(MethodInvocationProceedingJoinPoint.java:89)\r\n	at com.ems.logs.ascept.LogAspect.logAround(LogAspect.java:63)\r\n	at java.base/jdk.internal.reflect.NativeMethodAccessorImpl.invoke0(Native Method)\r\n	at java.base/jdk.internal.reflect.NativeMethodAccessorImpl.invoke(NativeMethodAccessorImpl.java:77)\r\n	at java.base/jdk.internal.reflect.DelegatingMethodAccessorImpl.invoke(DelegatingMethodAccessorImpl.java:43)\r\n	at java.base/java.lang.reflect.Method.invoke(Method.java:568)\r\n	at org.springframework.aop.aspectj.AbstractAspectJAdvice.invokeAdviceMethodWithGivenArgs(AbstractAspectJAdvice.java:637)\r\n	at org.springframework.aop.aspectj.AbstractAspectJAdvice.invokeAdviceMethod(AbstractAspectJAdvice.java:627)\r\n	at org.springframework.aop.aspectj.AspectJAroundAdvice.invoke(AspectJAroundAdvice.java:71)\r\n	at org.springframework.aop.framework.ReflectiveMethodInvocation.proceed(ReflectiveMethodInvocation.java:173)\r\n	at org.springframework.aop.framework.CglibAopProxy$CglibMethodInvocation.proceed(CglibAopProxy.java:751)\r\n	at org.springframework.aop.interceptor.ExposeInvocationInterceptor.invoke(ExposeInvocationInterceptor.java:97)\r\n	at org.springframework.aop.framework.ReflectiveMethodInvocation.proceed(ReflectiveMethodInvocation.java:184)\r\n	at org.springframework.aop.framework.CglibAopProxy$CglibMethodInvocation.proceed(CglibAopProxy.java:751)\r\n	at org.springframework.aop.framework.CglibAopProxy$DynamicAdvisedInterceptor.intercept(CglibAopProxy.java:703)\r\n	at com.ems.system.controller.LoginController$$SpringCGLIB$$0.login(<generated>)\r\n	at java.base/jdk.internal.reflect.NativeMethodAccessorImpl.invoke0(Native Method)\r\n	at java.base/jdk.internal.reflect.NativeMethodAccessorImpl.invoke(NativeMethodAccessorImpl.java:77)\r\n	at java.base/jdk.internal.reflect.DelegatingMethodAccessorImpl.invoke(DelegatingMethodAccessorImpl.java:43)\r\n	at java.base/java.lang.reflect.Method.invoke(Method.java:568)\r\n	at org.springframework.web.method.support.InvocableHandlerMethod.doInvoke(InvocableHandlerMethod.java:205)\r\n	at org.springframework.web.method.support.InvocableHandlerMethod.invokeForRequest(InvocableHandlerMethod.java:150)\r\n	at org.springframework.web.servlet.mvc.method.annotation.ServletInvocableHandlerMethod.invokeAndHandle(ServletInvocableHandlerMethod.java:118)\r\n	at org.springframework.web.servlet.mvc.method.annotation.RequestMappingHandlerAdapter.invokeHandlerMethod(RequestMappingHandlerAdapter.java:884)\r\n	at org.springframework.web.servlet.mvc.method.annotation.RequestMappingHandlerAdapter.handleInternal(RequestMappingHandlerAdapter.java:797)\r\n	at org.springframework.web.servlet.mvc.method.AbstractHandlerMethodAdapter.handle(AbstractHandlerMethodAdapter.java:87)\r\n	at org.springframework.web.servlet.DispatcherServlet.doDispatch(DispatcherServlet.java:1081)\r\n	at org.springframework.web.servlet.DispatcherServlet.doService(DispatcherServlet.java:974)\r\n	at org.springframework.web.servlet.FrameworkServlet.processRequest(FrameworkServlet.java:1011)\r\n	at org.springframework.web.servlet.FrameworkServlet.doPost(FrameworkServlet.java:914)\r\n	at jakarta.servlet.http.HttpServlet.service(HttpServlet.java:590)\r\n	at org.springframework.web.servlet.FrameworkServlet.service(FrameworkServlet.java:885)\r\n	at jakarta.servlet.http.HttpServlet.service(HttpServlet.java:658)\r\n	at org.apache.catalina.core.ApplicationFilterChain.internalDoFilter(ApplicationFilterChain.java:205)\r\n	at org.apache.catalina.core.ApplicationFilterChain.doFilter(ApplicationFilterChain.java:149)\r\n	at org.apache.tomcat.websocket.server.WsFilter.doFilter(WsFilter.java:51)\r\n	at org.apache.catalina.core.ApplicationFilterChain.internalDoFilter(ApplicationFilterChain.java:174)\r\n	at org.apache.catalina.core.ApplicationFilterChain.doFilter(ApplicationFilterChain.java:149)\r\n	at org.springframework.web.filter.OncePerRequestFilter.doFilter(OncePerRequestFilter.java:110)\r\n	at org.apache.catalina.core.ApplicationFilterChain.internalDoFilter(ApplicationFilterChain.java:174)\r\n	at org.apache.catalina.core.ApplicationFilterChain.doFilter(ApplicationFilterChain.java:149)\r\n	at org.springframework.web.filter.OncePerRequestFilter.doFilter(OncePerRequestFilter.java:110)\r\n	at org.apache.catalina.core.ApplicationFilterChain.internalDoFilter(ApplicationFilterChain.java:174)\r\n	at org.apache.catalina.core.ApplicationFilterChain.doFilter(ApplicationFilterChain.java:149)\r\n	at org.springframework.security.web.FilterChainProxy.lambda$doFilterInternal$3(FilterChainProxy.java:231)\r\n	at org.springframework.security.web.FilterChainProxy$VirtualFilterChain.doFilter(FilterChainProxy.java:365)\r\n	at org.springframework.security.web.access.intercept.AuthorizationFilter.doFilter(AuthorizationFilter.java:100)\r\n	at org.springframework.security.web.FilterChainProxy$VirtualFilterChain.doFilter(FilterChainProxy.java:374)\r\n	at org.springframework.security.web.access.ExceptionTranslationFilter.doFilter(ExceptionTranslationFilter.java:126)\r\n	at org.springframework.security.web.access.ExceptionTranslationFilter.doFilter(ExceptionTranslationFilter.java:120)\r\n	at org.springframework.security.web.FilterChainProxy$VirtualFilterChain.doFilter(FilterChainProxy.java:374)\r\n	at org.springframework.security.web.session.SessionManagementFilter.doFilter(SessionManagementFilter.java:131)\r\n	at org.springframework.security.web.session.SessionManagementFilter.doFilter(SessionManagementFilter.java:85)\r\n	at org.springframework.security.web.FilterChainProxy$VirtualFilterChain.doFilter(FilterChainProxy.java:374)\r\n	at org.springframework.security.web.authentication.AnonymousAuthenticationFilter.doFilter(AnonymousAuthenticationFilter.java:100)\r\n	at org.springframework.security.web.FilterChainProxy$VirtualFilterChain.doFilter(FilterChainProxy.java:374)\r\n	at org.springframework.security.web.servletapi.SecurityContextHolderAwareRequestFilter.doFilter(SecurityContextHolderAwareRequestFilter.java:179)\r\n	at org.springframework.security.web.FilterChainProxy$VirtualFilterChain.doFilter(FilterChainProxy.java:374)\r\n	at org.springframework.security.web.savedrequest.RequestCacheAwareFilter.doFilter(RequestCacheAwareFilter.java:63)\r\n	at org.springframework.security.web.FilterChainProxy$VirtualFilterChain.doFilter(FilterChainProxy.java:374)\r\n	at com.ems.config.filter.JwtAuthorizationFilter.doFilterInternal(JwtAuthorizationFilter.java:56)\r\n	at org.springframework.web.filter.OncePerRequestFilter.doFilter(OncePerRequestFilter.java:116)\r\n	at org.springframework.security.web.FilterChainProxy$VirtualFilterChain.doFilter(FilterChainProxy.java:374)\r\n	at org.springframework.web.filter.CorsFilter.doFilterInternal(CorsFilter.java:91)\r\n	at org.springframework.web.filter.OncePerRequestFilter.doFilter(OncePerRequestFilter.java:116)\r\n	at org.springframework.security.web.FilterChainProxy$VirtualFilterChain.doFilter(FilterChainProxy.java:374)\r\n	at org.springframework.security.web.authentication.logout.LogoutFilter.doFilter(LogoutFilter.java:107)\r\n	at org.springframework.security.web.authentication.logout.LogoutFilter.doFilter(LogoutFilter.java:93)\r\n	at org.springframework.security.web.FilterChainProxy$VirtualFilterChain.doFilter(FilterChainProxy.java:374)\r\n	at org.springframework.security.web.header.HeaderWriterFilter.doHeadersAfter(HeaderWriterFilter.java:90)\r\n	at org.springframework.security.web.header.HeaderWriterFilter.doFilterInternal(HeaderWriterFilter.java:75)\r\n	at org.springframework.web.filter.OncePerRequestFilter.doFilter(OncePerRequestFilter.java:116)\r\n	at org.springframework.security.web.FilterChainProxy$VirtualFilterChain.doFilter(FilterChainProxy.java:374)\r\n	at org.springframework.security.web.context.SecurityContextHolderFilter.doFilter(SecurityContextHolderFilter.java:82)\r\n	at org.springframework.security.web.context.SecurityContextHolderFilter.doFilter(SecurityContextHolderFilter.java:69)\r\n	at org.springframework.security.web.FilterChainProxy$VirtualFilterChain.doFilter(FilterChainProxy.java:374)\r\n	at org.springframework.security.web.context.request.async.WebAsyncManagerIntegrationFilter.doFilterInternal(WebAsyncManagerIntegrationFilter.java:62)\r\n	at org.springframework.web.filter.OncePerRequestFilter.doFilter(OncePerRequestFilter.java:116)\r\n	at org.springframework.security.web.FilterChainProxy$VirtualFilterChain.doFilter(FilterChainProxy.java:374)\r\n	at org.springframework.security.web.session.DisableEncodeUrlFilter.doFilterInternal(DisableEncodeUrlFilter.java:42)\r\n	at org.springframework.web.filter.OncePerRequestFilter.doFilter(OncePerRequestFilter.java:116)\r\n	at org.springframework.security.web.FilterChainProxy$VirtualFilterChain.doFilter(FilterChainProxy.java:374)\r\n	at org.springframework.security.web.FilterChainProxy.doFilterInternal(FilterChainProxy.java:233)\r\n	at org.springframework.security.web.FilterChainProxy.doFilter(FilterChainProxy.java:191)\r\n	at org.springframework.web.filter.DelegatingFilterProxy.invokeDelegate(DelegatingFilterProxy.java:352)\r\n	at org.springframework.web.filter.DelegatingFilterProxy.doFilter(DelegatingFilterProxy.java:268)\r\n	at org.apache.catalina.core.ApplicationFilterChain.internalDoFilter(ApplicationFilterChain.java:174)\r\n	at org.apache.catalina.core.ApplicationFilterChain.doFilter(ApplicationFilterChain.java:149)\r\n	at org.springframework.web.filter.RequestContextFilter.doFilterInternal(RequestContextFilter.java:100)\r\n	at org.springframework.web.filter.OncePerRequestFilter.doFilter(OncePerRequestFilter.java:116)\r\n	at org.apache.catalina.core.ApplicationFilterChain.internalDoFilter(ApplicationFilterChain.java:174)\r\n	at org.apache.catalina.core.ApplicationFilterChain.doFilter(ApplicationFilterChain.java:149)\r\n	at org.springframework.web.filter.FormContentFilter.doFilterInternal(FormContentFilter.java:93)\r\n	at org.springframework.web.filter.OncePerRequestFilter.doFilter(OncePerRequestFilter.java:116)\r\n	at org.apache.catalina.core.ApplicationFilterChain.internalDoFilter(ApplicationFilterChain.java:174)\r\n	at org.apache.catalina.core.ApplicationFilterChain.doFilter(ApplicationFilterChain.java:149)\r\n	at org.springframework.web.filter.CharacterEncodingFilter.doFilterInternal(CharacterEncodingFilter.java:201)\r\n	at org.springframework.web.filter.OncePerRequestFilter.doFilter(OncePerRequestFilter.java:116)\r\n	at org.apache.catalina.core.ApplicationFilterChain.internalDoFilter(ApplicationFilterChain.java:174)\r\n	at org.apache.catalina.core.ApplicationFilterChain.doFilter(ApplicationFilterChain.java:149)\r\n	at org.apache.catalina.core.StandardWrapperValve.invoke(StandardWrapperValve.java:167)\r\n	at org.apache.catalina.core.StandardContextValve.invoke(StandardContextValve.java:90)\r\n	at org.apache.catalina.authenticator.AuthenticatorBase.invoke(AuthenticatorBase.java:482)\r\n	at org.apache.catalina.core.StandardHostValve.invoke(StandardHostValve.java:115)\r\n	at org.apache.catalina.valves.ErrorReportValve.invoke(ErrorReportValve.java:93)\r\n	at org.apache.catalina.core.StandardEngineValve.invoke(StandardEngineValve.java:74)\r\n	at org.apache.catalina.connector.CoyoteAdapter.service(CoyoteAdapter.java:340)\r\n	at org.apache.coyote.http11.Http11Processor.service(Http11Processor.java:391)\r\n	at org.apache.coyote.AbstractProcessorLight.process(AbstractProcessorLight.java:63)\r\n	at org.apache.coyote.AbstractProtocol$ConnectionHandler.process(AbstractProtocol.java:896)\r\n	at org.apache.tomcat.util.net.NioEndpoint$SocketProcessor.doRun(NioEndpoint.java:1744)\r\n	at org.apache.tomcat.util.net.SocketProcessorBase.run(SocketProcessorBase.java:52)\r\n	at org.apache.tomcat.util.threads.ThreadPoolExecutor.runWorker(ThreadPoolExecutor.java:1191)\r\n	at org.apache.tomcat.util.threads.ThreadPoolExecutor$Worker.run(ThreadPoolExecutor.java:659)\r\n	at org.apache.tomcat.util.threads.TaskThread$WrappingRunnable.run(TaskThread.java:61)\r\n	at java.base/java.lang.Thread.run(Thread.java:842)\r\n','2024-10-12 10:44:35','用户登录'),
(6801,'2','com.ems.system.controller.LoginController.login()','{com.ems.system.entity.dto.UserDto@6508a6bf SecurityContextHolderAwareRequestWrapper[ org.springframework.security.web.header.HeaderWriterFilter$HeaderWriterRequest@133ec68b]  }',1,'10.25.247.47','admin','java.lang.NullPointerException: Cannot invoke \"com.google.common.cache.Cache.getIfPresent(Object)\" because \"this.cache\" is null\r\n	at com.ems.config.config.CacheConfig.get(CacheConfig.java:38)\r\n	at com.ems.system.controller.LoginController.checkCode(LoginController.java:204)\r\n	at com.ems.system.controller.LoginController.login(LoginController.java:57)\r\n	at java.base/jdk.internal.reflect.NativeMethodAccessorImpl.invoke0(Native Method)\r\n	at java.base/jdk.internal.reflect.NativeMethodAccessorImpl.invoke(NativeMethodAccessorImpl.java:77)\r\n	at java.base/jdk.internal.reflect.DelegatingMethodAccessorImpl.invoke(DelegatingMethodAccessorImpl.java:43)\r\n	at java.base/java.lang.reflect.Method.invoke(Method.java:568)\r\n	at org.springframework.aop.support.AopUtils.invokeJoinpointUsingReflection(AopUtils.java:343)\r\n	at org.springframework.aop.framework.ReflectiveMethodInvocation.invokeJoinpoint(ReflectiveMethodInvocation.java:196)\r\n	at org.springframework.aop.framework.ReflectiveMethodInvocation.proceed(ReflectiveMethodInvocation.java:163)\r\n	at org.springframework.aop.framework.CglibAopProxy$CglibMethodInvocation.proceed(CglibAopProxy.java:751)\r\n	at org.springframework.aop.aspectj.AspectJAfterThrowingAdvice.invoke(AspectJAfterThrowingAdvice.java:64)\r\n	at org.springframework.aop.framework.ReflectiveMethodInvocation.proceed(ReflectiveMethodInvocation.java:173)\r\n	at org.springframework.aop.framework.CglibAopProxy$CglibMethodInvocation.proceed(CglibAopProxy.java:751)\r\n	at org.springframework.aop.aspectj.MethodInvocationProceedingJoinPoint.proceed(MethodInvocationProceedingJoinPoint.java:89)\r\n	at com.ems.logs.ascept.LogAspect.logAround(LogAspect.java:63)\r\n	at java.base/jdk.internal.reflect.NativeMethodAccessorImpl.invoke0(Native Method)\r\n	at java.base/jdk.internal.reflect.NativeMethodAccessorImpl.invoke(NativeMethodAccessorImpl.java:77)\r\n	at java.base/jdk.internal.reflect.DelegatingMethodAccessorImpl.invoke(DelegatingMethodAccessorImpl.java:43)\r\n	at java.base/java.lang.reflect.Method.invoke(Method.java:568)\r\n	at org.springframework.aop.aspectj.AbstractAspectJAdvice.invokeAdviceMethodWithGivenArgs(AbstractAspectJAdvice.java:637)\r\n	at org.springframework.aop.aspectj.AbstractAspectJAdvice.invokeAdviceMethod(AbstractAspectJAdvice.java:627)\r\n	at org.springframework.aop.aspectj.AspectJAroundAdvice.invoke(AspectJAroundAdvice.java:71)\r\n	at org.springframework.aop.framework.ReflectiveMethodInvocation.proceed(ReflectiveMethodInvocation.java:173)\r\n	at org.springframework.aop.framework.CglibAopProxy$CglibMethodInvocation.proceed(CglibAopProxy.java:751)\r\n	at org.springframework.aop.interceptor.ExposeInvocationInterceptor.invoke(ExposeInvocationInterceptor.java:97)\r\n	at org.springframework.aop.framework.ReflectiveMethodInvocation.proceed(ReflectiveMethodInvocation.java:184)\r\n	at org.springframework.aop.framework.CglibAopProxy$CglibMethodInvocation.proceed(CglibAopProxy.java:751)\r\n	at org.springframework.aop.framework.CglibAopProxy$DynamicAdvisedInterceptor.intercept(CglibAopProxy.java:703)\r\n	at com.ems.system.controller.LoginController$$SpringCGLIB$$0.login(<generated>)\r\n	at java.base/jdk.internal.reflect.NativeMethodAccessorImpl.invoke0(Native Method)\r\n	at java.base/jdk.internal.reflect.NativeMethodAccessorImpl.invoke(NativeMethodAccessorImpl.java:77)\r\n	at java.base/jdk.internal.reflect.DelegatingMethodAccessorImpl.invoke(DelegatingMethodAccessorImpl.java:43)\r\n	at java.base/java.lang.reflect.Method.invoke(Method.java:568)\r\n	at org.springframework.web.method.support.InvocableHandlerMethod.doInvoke(InvocableHandlerMethod.java:205)\r\n	at org.springframework.web.method.support.InvocableHandlerMethod.invokeForRequest(InvocableHandlerMethod.java:150)\r\n	at org.springframework.web.servlet.mvc.method.annotation.ServletInvocableHandlerMethod.invokeAndHandle(ServletInvocableHandlerMethod.java:118)\r\n	at org.springframework.web.servlet.mvc.method.annotation.RequestMappingHandlerAdapter.invokeHandlerMethod(RequestMappingHandlerAdapter.java:884)\r\n	at org.springframework.web.servlet.mvc.method.annotation.RequestMappingHandlerAdapter.handleInternal(RequestMappingHandlerAdapter.java:797)\r\n	at org.springframework.web.servlet.mvc.method.AbstractHandlerMethodAdapter.handle(AbstractHandlerMethodAdapter.java:87)\r\n	at org.springframework.web.servlet.DispatcherServlet.doDispatch(DispatcherServlet.java:1081)\r\n	at org.springframework.web.servlet.DispatcherServlet.doService(DispatcherServlet.java:974)\r\n	at org.springframework.web.servlet.FrameworkServlet.processRequest(FrameworkServlet.java:1011)\r\n	at org.springframework.web.servlet.FrameworkServlet.doPost(FrameworkServlet.java:914)\r\n	at jakarta.servlet.http.HttpServlet.service(HttpServlet.java:590)\r\n	at org.springframework.web.servlet.FrameworkServlet.service(FrameworkServlet.java:885)\r\n	at jakarta.servlet.http.HttpServlet.service(HttpServlet.java:658)\r\n	at org.apache.catalina.core.ApplicationFilterChain.internalDoFilter(ApplicationFilterChain.java:205)\r\n	at org.apache.catalina.core.ApplicationFilterChain.doFilter(ApplicationFilterChain.java:149)\r\n	at org.apache.tomcat.websocket.server.WsFilter.doFilter(WsFilter.java:51)\r\n	at org.apache.catalina.core.ApplicationFilterChain.internalDoFilter(ApplicationFilterChain.java:174)\r\n	at org.apache.catalina.core.ApplicationFilterChain.doFilter(ApplicationFilterChain.java:149)\r\n	at org.springframework.web.filter.OncePerRequestFilter.doFilter(OncePerRequestFilter.java:110)\r\n	at org.apache.catalina.core.ApplicationFilterChain.internalDoFilter(ApplicationFilterChain.java:174)\r\n	at org.apache.catalina.core.ApplicationFilterChain.doFilter(ApplicationFilterChain.java:149)\r\n	at org.springframework.web.filter.OncePerRequestFilter.doFilter(OncePerRequestFilter.java:110)\r\n	at org.apache.catalina.core.ApplicationFilterChain.internalDoFilter(ApplicationFilterChain.java:174)\r\n	at org.apache.catalina.core.ApplicationFilterChain.doFilter(ApplicationFilterChain.java:149)\r\n	at org.springframework.security.web.FilterChainProxy.lambda$doFilterInternal$3(FilterChainProxy.java:231)\r\n	at org.springframework.security.web.FilterChainProxy$VirtualFilterChain.doFilter(FilterChainProxy.java:365)\r\n	at org.springframework.security.web.access.intercept.AuthorizationFilter.doFilter(AuthorizationFilter.java:100)\r\n	at org.springframework.security.web.FilterChainProxy$VirtualFilterChain.doFilter(FilterChainProxy.java:374)\r\n	at org.springframework.security.web.access.ExceptionTranslationFilter.doFilter(ExceptionTranslationFilter.java:126)\r\n	at org.springframework.security.web.access.ExceptionTranslationFilter.doFilter(ExceptionTranslationFilter.java:120)\r\n	at org.springframework.security.web.FilterChainProxy$VirtualFilterChain.doFilter(FilterChainProxy.java:374)\r\n	at org.springframework.security.web.session.SessionManagementFilter.doFilter(SessionManagementFilter.java:131)\r\n	at org.springframework.security.web.session.SessionManagementFilter.doFilter(SessionManagementFilter.java:85)\r\n	at org.springframework.security.web.FilterChainProxy$VirtualFilterChain.doFilter(FilterChainProxy.java:374)\r\n	at org.springframework.security.web.authentication.AnonymousAuthenticationFilter.doFilter(AnonymousAuthenticationFilter.java:100)\r\n	at org.springframework.security.web.FilterChainProxy$VirtualFilterChain.doFilter(FilterChainProxy.java:374)\r\n	at org.springframework.security.web.servletapi.SecurityContextHolderAwareRequestFilter.doFilter(SecurityContextHolderAwareRequestFilter.java:179)\r\n	at org.springframework.security.web.FilterChainProxy$VirtualFilterChain.doFilter(FilterChainProxy.java:374)\r\n	at org.springframework.security.web.savedrequest.RequestCacheAwareFilter.doFilter(RequestCacheAwareFilter.java:63)\r\n	at org.springframework.security.web.FilterChainProxy$VirtualFilterChain.doFilter(FilterChainProxy.java:374)\r\n	at com.ems.config.filter.JwtAuthorizationFilter.doFilterInternal(JwtAuthorizationFilter.java:56)\r\n	at org.springframework.web.filter.OncePerRequestFilter.doFilter(OncePerRequestFilter.java:116)\r\n	at org.springframework.security.web.FilterChainProxy$VirtualFilterChain.doFilter(FilterChainProxy.java:374)\r\n	at org.springframework.web.filter.CorsFilter.doFilterInternal(CorsFilter.java:91)\r\n	at org.springframework.web.filter.OncePerRequestFilter.doFilter(OncePerRequestFilter.java:116)\r\n	at org.springframework.security.web.FilterChainProxy$VirtualFilterChain.doFilter(FilterChainProxy.java:374)\r\n	at org.springframework.security.web.authentication.logout.LogoutFilter.doFilter(LogoutFilter.java:107)\r\n	at org.springframework.security.web.authentication.logout.LogoutFilter.doFilter(LogoutFilter.java:93)\r\n	at org.springframework.security.web.FilterChainProxy$VirtualFilterChain.doFilter(FilterChainProxy.java:374)\r\n	at org.springframework.security.web.header.HeaderWriterFilter.doHeadersAfter(HeaderWriterFilter.java:90)\r\n	at org.springframework.security.web.header.HeaderWriterFilter.doFilterInternal(HeaderWriterFilter.java:75)\r\n	at org.springframework.web.filter.OncePerRequestFilter.doFilter(OncePerRequestFilter.java:116)\r\n	at org.springframework.security.web.FilterChainProxy$VirtualFilterChain.doFilter(FilterChainProxy.java:374)\r\n	at org.springframework.security.web.context.SecurityContextHolderFilter.doFilter(SecurityContextHolderFilter.java:82)\r\n	at org.springframework.security.web.context.SecurityContextHolderFilter.doFilter(SecurityContextHolderFilter.java:69)\r\n	at org.springframework.security.web.FilterChainProxy$VirtualFilterChain.doFilter(FilterChainProxy.java:374)\r\n	at org.springframework.security.web.context.request.async.WebAsyncManagerIntegrationFilter.doFilterInternal(WebAsyncManagerIntegrationFilter.java:62)\r\n	at org.springframework.web.filter.OncePerRequestFilter.doFilter(OncePerRequestFilter.java:116)\r\n	at org.springframework.security.web.FilterChainProxy$VirtualFilterChain.doFilter(FilterChainProxy.java:374)\r\n	at org.springframework.security.web.session.DisableEncodeUrlFilter.doFilterInternal(DisableEncodeUrlFilter.java:42)\r\n	at org.springframework.web.filter.OncePerRequestFilter.doFilter(OncePerRequestFilter.java:116)\r\n	at org.springframework.security.web.FilterChainProxy$VirtualFilterChain.doFilter(FilterChainProxy.java:374)\r\n	at org.springframework.security.web.FilterChainProxy.doFilterInternal(FilterChainProxy.java:233)\r\n	at org.springframework.security.web.FilterChainProxy.doFilter(FilterChainProxy.java:191)\r\n	at org.springframework.web.filter.DelegatingFilterProxy.invokeDelegate(DelegatingFilterProxy.java:352)\r\n	at org.springframework.web.filter.DelegatingFilterProxy.doFilter(DelegatingFilterProxy.java:268)\r\n	at org.apache.catalina.core.ApplicationFilterChain.internalDoFilter(ApplicationFilterChain.java:174)\r\n	at org.apache.catalina.core.ApplicationFilterChain.doFilter(ApplicationFilterChain.java:149)\r\n	at org.springframework.web.filter.RequestContextFilter.doFilterInternal(RequestContextFilter.java:100)\r\n	at org.springframework.web.filter.OncePerRequestFilter.doFilter(OncePerRequestFilter.java:116)\r\n	at org.apache.catalina.core.ApplicationFilterChain.internalDoFilter(ApplicationFilterChain.java:174)\r\n	at org.apache.catalina.core.ApplicationFilterChain.doFilter(ApplicationFilterChain.java:149)\r\n	at org.springframework.web.filter.FormContentFilter.doFilterInternal(FormContentFilter.java:93)\r\n	at org.springframework.web.filter.OncePerRequestFilter.doFilter(OncePerRequestFilter.java:116)\r\n	at org.apache.catalina.core.ApplicationFilterChain.internalDoFilter(ApplicationFilterChain.java:174)\r\n	at org.apache.catalina.core.ApplicationFilterChain.doFilter(ApplicationFilterChain.java:149)\r\n	at org.springframework.web.filter.CharacterEncodingFilter.doFilterInternal(CharacterEncodingFilter.java:201)\r\n	at org.springframework.web.filter.OncePerRequestFilter.doFilter(OncePerRequestFilter.java:116)\r\n	at org.apache.catalina.core.ApplicationFilterChain.internalDoFilter(ApplicationFilterChain.java:174)\r\n	at org.apache.catalina.core.ApplicationFilterChain.doFilter(ApplicationFilterChain.java:149)\r\n	at org.apache.catalina.core.StandardWrapperValve.invoke(StandardWrapperValve.java:167)\r\n	at org.apache.catalina.core.StandardContextValve.invoke(StandardContextValve.java:90)\r\n	at org.apache.catalina.authenticator.AuthenticatorBase.invoke(AuthenticatorBase.java:482)\r\n	at org.apache.catalina.core.StandardHostValve.invoke(StandardHostValve.java:115)\r\n	at org.apache.catalina.valves.ErrorReportValve.invoke(ErrorReportValve.java:93)\r\n	at org.apache.catalina.core.StandardEngineValve.invoke(StandardEngineValve.java:74)\r\n	at org.apache.catalina.connector.CoyoteAdapter.service(CoyoteAdapter.java:340)\r\n	at org.apache.coyote.http11.Http11Processor.service(Http11Processor.java:391)\r\n	at org.apache.coyote.AbstractProcessorLight.process(AbstractProcessorLight.java:63)\r\n	at org.apache.coyote.AbstractProtocol$ConnectionHandler.process(AbstractProtocol.java:896)\r\n	at org.apache.tomcat.util.net.NioEndpoint$SocketProcessor.doRun(NioEndpoint.java:1744)\r\n	at org.apache.tomcat.util.net.SocketProcessorBase.run(SocketProcessorBase.java:52)\r\n	at org.apache.tomcat.util.threads.ThreadPoolExecutor.runWorker(ThreadPoolExecutor.java:1191)\r\n	at org.apache.tomcat.util.threads.ThreadPoolExecutor$Worker.run(ThreadPoolExecutor.java:659)\r\n	at org.apache.tomcat.util.threads.TaskThread$WrappingRunnable.run(TaskThread.java:61)\r\n	at java.base/java.lang.Thread.run(Thread.java:842)\r\n','2024-10-12 10:47:01','用户登录'),
(6802,'2','com.ems.system.controller.LoginController.login()','{com.ems.system.entity.dto.UserDto@4e151188 SecurityContextHolderAwareRequestWrapper[ org.springframework.security.web.header.HeaderWriterFilter$HeaderWriterRequest@1fdb9346]  }',0,'10.25.247.47','admin','java.lang.NullPointerException: Cannot invoke \"com.google.common.cache.Cache.getIfPresent(Object)\" because \"this.cache\" is null\r\n	at com.ems.config.config.CacheConfig.get(CacheConfig.java:38)\r\n	at com.ems.system.controller.LoginController.checkCode(LoginController.java:204)\r\n	at com.ems.system.controller.LoginController.login(LoginController.java:57)\r\n	at java.base/jdk.internal.reflect.NativeMethodAccessorImpl.invoke0(Native Method)\r\n	at java.base/jdk.internal.reflect.NativeMethodAccessorImpl.invoke(NativeMethodAccessorImpl.java:77)\r\n	at java.base/jdk.internal.reflect.DelegatingMethodAccessorImpl.invoke(DelegatingMethodAccessorImpl.java:43)\r\n	at java.base/java.lang.reflect.Method.invoke(Method.java:568)\r\n	at org.springframework.aop.support.AopUtils.invokeJoinpointUsingReflection(AopUtils.java:343)\r\n	at org.springframework.aop.framework.ReflectiveMethodInvocation.invokeJoinpoint(ReflectiveMethodInvocation.java:196)\r\n	at org.springframework.aop.framework.ReflectiveMethodInvocation.proceed(ReflectiveMethodInvocation.java:163)\r\n	at org.springframework.aop.framework.CglibAopProxy$CglibMethodInvocation.proceed(CglibAopProxy.java:751)\r\n	at org.springframework.aop.aspectj.AspectJAfterThrowingAdvice.invoke(AspectJAfterThrowingAdvice.java:64)\r\n	at org.springframework.aop.framework.ReflectiveMethodInvocation.proceed(ReflectiveMethodInvocation.java:173)\r\n	at org.springframework.aop.framework.CglibAopProxy$CglibMethodInvocation.proceed(CglibAopProxy.java:751)\r\n	at org.springframework.aop.aspectj.MethodInvocationProceedingJoinPoint.proceed(MethodInvocationProceedingJoinPoint.java:89)\r\n	at com.ems.logs.ascept.LogAspect.logAround(LogAspect.java:63)\r\n	at java.base/jdk.internal.reflect.NativeMethodAccessorImpl.invoke0(Native Method)\r\n	at java.base/jdk.internal.reflect.NativeMethodAccessorImpl.invoke(NativeMethodAccessorImpl.java:77)\r\n	at java.base/jdk.internal.reflect.DelegatingMethodAccessorImpl.invoke(DelegatingMethodAccessorImpl.java:43)\r\n	at java.base/java.lang.reflect.Method.invoke(Method.java:568)\r\n	at org.springframework.aop.aspectj.AbstractAspectJAdvice.invokeAdviceMethodWithGivenArgs(AbstractAspectJAdvice.java:637)\r\n	at org.springframework.aop.aspectj.AbstractAspectJAdvice.invokeAdviceMethod(AbstractAspectJAdvice.java:627)\r\n	at org.springframework.aop.aspectj.AspectJAroundAdvice.invoke(AspectJAroundAdvice.java:71)\r\n	at org.springframework.aop.framework.ReflectiveMethodInvocation.proceed(ReflectiveMethodInvocation.java:173)\r\n	at org.springframework.aop.framework.CglibAopProxy$CglibMethodInvocation.proceed(CglibAopProxy.java:751)\r\n	at org.springframework.aop.interceptor.ExposeInvocationInterceptor.invoke(ExposeInvocationInterceptor.java:97)\r\n	at org.springframework.aop.framework.ReflectiveMethodInvocation.proceed(ReflectiveMethodInvocation.java:184)\r\n	at org.springframework.aop.framework.CglibAopProxy$CglibMethodInvocation.proceed(CglibAopProxy.java:751)\r\n	at org.springframework.aop.framework.CglibAopProxy$DynamicAdvisedInterceptor.intercept(CglibAopProxy.java:703)\r\n	at com.ems.system.controller.LoginController$$SpringCGLIB$$0.login(<generated>)\r\n	at java.base/jdk.internal.reflect.NativeMethodAccessorImpl.invoke0(Native Method)\r\n	at java.base/jdk.internal.reflect.NativeMethodAccessorImpl.invoke(NativeMethodAccessorImpl.java:77)\r\n	at java.base/jdk.internal.reflect.DelegatingMethodAccessorImpl.invoke(DelegatingMethodAccessorImpl.java:43)\r\n	at java.base/java.lang.reflect.Method.invoke(Method.java:568)\r\n	at org.springframework.web.method.support.InvocableHandlerMethod.doInvoke(InvocableHandlerMethod.java:205)\r\n	at org.springframework.web.method.support.InvocableHandlerMethod.invokeForRequest(InvocableHandlerMethod.java:150)\r\n	at org.springframework.web.servlet.mvc.method.annotation.ServletInvocableHandlerMethod.invokeAndHandle(ServletInvocableHandlerMethod.java:118)\r\n	at org.springframework.web.servlet.mvc.method.annotation.RequestMappingHandlerAdapter.invokeHandlerMethod(RequestMappingHandlerAdapter.java:884)\r\n	at org.springframework.web.servlet.mvc.method.annotation.RequestMappingHandlerAdapter.handleInternal(RequestMappingHandlerAdapter.java:797)\r\n	at org.springframework.web.servlet.mvc.method.AbstractHandlerMethodAdapter.handle(AbstractHandlerMethodAdapter.java:87)\r\n	at org.springframework.web.servlet.DispatcherServlet.doDispatch(DispatcherServlet.java:1081)\r\n	at org.springframework.web.servlet.DispatcherServlet.doService(DispatcherServlet.java:974)\r\n	at org.springframework.web.servlet.FrameworkServlet.processRequest(FrameworkServlet.java:1011)\r\n	at org.springframework.web.servlet.FrameworkServlet.doPost(FrameworkServlet.java:914)\r\n	at jakarta.servlet.http.HttpServlet.service(HttpServlet.java:590)\r\n	at org.springframework.web.servlet.FrameworkServlet.service(FrameworkServlet.java:885)\r\n	at jakarta.servlet.http.HttpServlet.service(HttpServlet.java:658)\r\n	at org.apache.catalina.core.ApplicationFilterChain.internalDoFilter(ApplicationFilterChain.java:205)\r\n	at org.apache.catalina.core.ApplicationFilterChain.doFilter(ApplicationFilterChain.java:149)\r\n	at org.apache.tomcat.websocket.server.WsFilter.doFilter(WsFilter.java:51)\r\n	at org.apache.catalina.core.ApplicationFilterChain.internalDoFilter(ApplicationFilterChain.java:174)\r\n	at org.apache.catalina.core.ApplicationFilterChain.doFilter(ApplicationFilterChain.java:149)\r\n	at org.springframework.web.filter.OncePerRequestFilter.doFilter(OncePerRequestFilter.java:110)\r\n	at org.apache.catalina.core.ApplicationFilterChain.internalDoFilter(ApplicationFilterChain.java:174)\r\n	at org.apache.catalina.core.ApplicationFilterChain.doFilter(ApplicationFilterChain.java:149)\r\n	at org.springframework.web.filter.OncePerRequestFilter.doFilter(OncePerRequestFilter.java:110)\r\n	at org.apache.catalina.core.ApplicationFilterChain.internalDoFilter(ApplicationFilterChain.java:174)\r\n	at org.apache.catalina.core.ApplicationFilterChain.doFilter(ApplicationFilterChain.java:149)\r\n	at org.springframework.security.web.FilterChainProxy.lambda$doFilterInternal$3(FilterChainProxy.java:231)\r\n	at org.springframework.security.web.FilterChainProxy$VirtualFilterChain.doFilter(FilterChainProxy.java:365)\r\n	at org.springframework.security.web.access.intercept.AuthorizationFilter.doFilter(AuthorizationFilter.java:100)\r\n	at org.springframework.security.web.FilterChainProxy$VirtualFilterChain.doFilter(FilterChainProxy.java:374)\r\n	at org.springframework.security.web.access.ExceptionTranslationFilter.doFilter(ExceptionTranslationFilter.java:126)\r\n	at org.springframework.security.web.access.ExceptionTranslationFilter.doFilter(ExceptionTranslationFilter.java:120)\r\n	at org.springframework.security.web.FilterChainProxy$VirtualFilterChain.doFilter(FilterChainProxy.java:374)\r\n	at org.springframework.security.web.session.SessionManagementFilter.doFilter(SessionManagementFilter.java:131)\r\n	at org.springframework.security.web.session.SessionManagementFilter.doFilter(SessionManagementFilter.java:85)\r\n	at org.springframework.security.web.FilterChainProxy$VirtualFilterChain.doFilter(FilterChainProxy.java:374)\r\n	at org.springframework.security.web.authentication.AnonymousAuthenticationFilter.doFilter(AnonymousAuthenticationFilter.java:100)\r\n	at org.springframework.security.web.FilterChainProxy$VirtualFilterChain.doFilter(FilterChainProxy.java:374)\r\n	at org.springframework.security.web.servletapi.SecurityContextHolderAwareRequestFilter.doFilter(SecurityContextHolderAwareRequestFilter.java:179)\r\n	at org.springframework.security.web.FilterChainProxy$VirtualFilterChain.doFilter(FilterChainProxy.java:374)\r\n	at org.springframework.security.web.savedrequest.RequestCacheAwareFilter.doFilter(RequestCacheAwareFilter.java:63)\r\n	at org.springframework.security.web.FilterChainProxy$VirtualFilterChain.doFilter(FilterChainProxy.java:374)\r\n	at com.ems.config.filter.JwtAuthorizationFilter.doFilterInternal(JwtAuthorizationFilter.java:56)\r\n	at org.springframework.web.filter.OncePerRequestFilter.doFilter(OncePerRequestFilter.java:116)\r\n	at org.springframework.security.web.FilterChainProxy$VirtualFilterChain.doFilter(FilterChainProxy.java:374)\r\n	at org.springframework.web.filter.CorsFilter.doFilterInternal(CorsFilter.java:91)\r\n	at org.springframework.web.filter.OncePerRequestFilter.doFilter(OncePerRequestFilter.java:116)\r\n	at org.springframework.security.web.FilterChainProxy$VirtualFilterChain.doFilter(FilterChainProxy.java:374)\r\n	at org.springframework.security.web.authentication.logout.LogoutFilter.doFilter(LogoutFilter.java:107)\r\n	at org.springframework.security.web.authentication.logout.LogoutFilter.doFilter(LogoutFilter.java:93)\r\n	at org.springframework.security.web.FilterChainProxy$VirtualFilterChain.doFilter(FilterChainProxy.java:374)\r\n	at org.springframework.security.web.header.HeaderWriterFilter.doHeadersAfter(HeaderWriterFilter.java:90)\r\n	at org.springframework.security.web.header.HeaderWriterFilter.doFilterInternal(HeaderWriterFilter.java:75)\r\n	at org.springframework.web.filter.OncePerRequestFilter.doFilter(OncePerRequestFilter.java:116)\r\n	at org.springframework.security.web.FilterChainProxy$VirtualFilterChain.doFilter(FilterChainProxy.java:374)\r\n	at org.springframework.security.web.context.SecurityContextHolderFilter.doFilter(SecurityContextHolderFilter.java:82)\r\n	at org.springframework.security.web.context.SecurityContextHolderFilter.doFilter(SecurityContextHolderFilter.java:69)\r\n	at org.springframework.security.web.FilterChainProxy$VirtualFilterChain.doFilter(FilterChainProxy.java:374)\r\n	at org.springframework.security.web.context.request.async.WebAsyncManagerIntegrationFilter.doFilterInternal(WebAsyncManagerIntegrationFilter.java:62)\r\n	at org.springframework.web.filter.OncePerRequestFilter.doFilter(OncePerRequestFilter.java:116)\r\n	at org.springframework.security.web.FilterChainProxy$VirtualFilterChain.doFilter(FilterChainProxy.java:374)\r\n	at org.springframework.security.web.session.DisableEncodeUrlFilter.doFilterInternal(DisableEncodeUrlFilter.java:42)\r\n	at org.springframework.web.filter.OncePerRequestFilter.doFilter(OncePerRequestFilter.java:116)\r\n	at org.springframework.security.web.FilterChainProxy$VirtualFilterChain.doFilter(FilterChainProxy.java:374)\r\n	at org.springframework.security.web.FilterChainProxy.doFilterInternal(FilterChainProxy.java:233)\r\n	at org.springframework.security.web.FilterChainProxy.doFilter(FilterChainProxy.java:191)\r\n	at org.springframework.web.filter.DelegatingFilterProxy.invokeDelegate(DelegatingFilterProxy.java:352)\r\n	at org.springframework.web.filter.DelegatingFilterProxy.doFilter(DelegatingFilterProxy.java:268)\r\n	at org.apache.catalina.core.ApplicationFilterChain.internalDoFilter(ApplicationFilterChain.java:174)\r\n	at org.apache.catalina.core.ApplicationFilterChain.doFilter(ApplicationFilterChain.java:149)\r\n	at org.springframework.web.filter.RequestContextFilter.doFilterInternal(RequestContextFilter.java:100)\r\n	at org.springframework.web.filter.OncePerRequestFilter.doFilter(OncePerRequestFilter.java:116)\r\n	at org.apache.catalina.core.ApplicationFilterChain.internalDoFilter(ApplicationFilterChain.java:174)\r\n	at org.apache.catalina.core.ApplicationFilterChain.doFilter(ApplicationFilterChain.java:149)\r\n	at org.springframework.web.filter.FormContentFilter.doFilterInternal(FormContentFilter.java:93)\r\n	at org.springframework.web.filter.OncePerRequestFilter.doFilter(OncePerRequestFilter.java:116)\r\n	at org.apache.catalina.core.ApplicationFilterChain.internalDoFilter(ApplicationFilterChain.java:174)\r\n	at org.apache.catalina.core.ApplicationFilterChain.doFilter(ApplicationFilterChain.java:149)\r\n	at org.springframework.web.filter.CharacterEncodingFilter.doFilterInternal(CharacterEncodingFilter.java:201)\r\n	at org.springframework.web.filter.OncePerRequestFilter.doFilter(OncePerRequestFilter.java:116)\r\n	at org.apache.catalina.core.ApplicationFilterChain.internalDoFilter(ApplicationFilterChain.java:174)\r\n	at org.apache.catalina.core.ApplicationFilterChain.doFilter(ApplicationFilterChain.java:149)\r\n	at org.apache.catalina.core.StandardWrapperValve.invoke(StandardWrapperValve.java:167)\r\n	at org.apache.catalina.core.StandardContextValve.invoke(StandardContextValve.java:90)\r\n	at org.apache.catalina.authenticator.AuthenticatorBase.invoke(AuthenticatorBase.java:482)\r\n	at org.apache.catalina.core.StandardHostValve.invoke(StandardHostValve.java:115)\r\n	at org.apache.catalina.valves.ErrorReportValve.invoke(ErrorReportValve.java:93)\r\n	at org.apache.catalina.core.StandardEngineValve.invoke(StandardEngineValve.java:74)\r\n	at org.apache.catalina.connector.CoyoteAdapter.service(CoyoteAdapter.java:340)\r\n	at org.apache.coyote.http11.Http11Processor.service(Http11Processor.java:391)\r\n	at org.apache.coyote.AbstractProcessorLight.process(AbstractProcessorLight.java:63)\r\n	at org.apache.coyote.AbstractProtocol$ConnectionHandler.process(AbstractProtocol.java:896)\r\n	at org.apache.tomcat.util.net.NioEndpoint$SocketProcessor.doRun(NioEndpoint.java:1744)\r\n	at org.apache.tomcat.util.net.SocketProcessorBase.run(SocketProcessorBase.java:52)\r\n	at org.apache.tomcat.util.threads.ThreadPoolExecutor.runWorker(ThreadPoolExecutor.java:1191)\r\n	at org.apache.tomcat.util.threads.ThreadPoolExecutor$Worker.run(ThreadPoolExecutor.java:659)\r\n	at org.apache.tomcat.util.threads.TaskThread$WrappingRunnable.run(TaskThread.java:61)\r\n	at java.base/java.lang.Thread.run(Thread.java:842)\r\n','2024-10-12 10:47:40','用户登录'),
(6803,'1','com.ems.system.controller.LoginController.login()','{com.ems.system.entity.dto.UserDto@8b8601a SecurityContextHolderAwareRequestWrapper[ org.springframework.security.web.header.HeaderWriterFilter$HeaderWriterRequest@67f9f7d]  }',24745,'10.25.247.47','admin',NULL,'2024-10-12 10:48:14','用户登录'),
(6804,'1','com.ems.system.controller.LoginController.login()','{com.ems.system.entity.dto.UserDto@129226bc SecurityContextHolderAwareRequestWrapper[ org.springframework.security.web.header.HeaderWriterFilter$HeaderWriterRequest@1c55da9e]  }',1967,'10.25.247.47','admin',NULL,'2024-10-12 10:48:20','用户登录'),
(6805,'2','com.ems.system.controller.LoginController.login()','{com.ems.system.entity.dto.UserDto@403c5abc SecurityContextHolderAwareRequestWrapper[ org.springframework.security.web.header.HeaderWriterFilter$HeaderWriterRequest@4efbbccb]  }',16237,'10.25.247.47','admin','org.springframework.security.authentication.BadCredentialsException: 用户名或密码错误\r\n	at org.springframework.security.authentication.dao.DaoAuthenticationProvider.additionalAuthenticationChecks(DaoAuthenticationProvider.java:89)\r\n	at org.springframework.security.authentication.dao.AbstractUserDetailsAuthenticationProvider.authenticate(AbstractUserDetailsAuthenticationProvider.java:147)\r\n	at org.springframework.security.authentication.ProviderManager.authenticate(ProviderManager.java:182)\r\n	at com.ems.system.controller.LoginController.login(LoginController.java:68)\r\n	at java.base/jdk.internal.reflect.NativeMethodAccessorImpl.invoke0(Native Method)\r\n	at java.base/jdk.internal.reflect.NativeMethodAccessorImpl.invoke(NativeMethodAccessorImpl.java:77)\r\n	at java.base/jdk.internal.reflect.DelegatingMethodAccessorImpl.invoke(DelegatingMethodAccessorImpl.java:43)\r\n	at java.base/java.lang.reflect.Method.invoke(Method.java:568)\r\n	at org.springframework.aop.support.AopUtils.invokeJoinpointUsingReflection(AopUtils.java:343)\r\n	at org.springframework.aop.framework.ReflectiveMethodInvocation.invokeJoinpoint(ReflectiveMethodInvocation.java:196)\r\n	at org.springframework.aop.framework.ReflectiveMethodInvocation.proceed(ReflectiveMethodInvocation.java:163)\r\n	at org.springframework.aop.framework.CglibAopProxy$CglibMethodInvocation.proceed(CglibAopProxy.java:751)\r\n	at org.springframework.aop.aspectj.AspectJAfterThrowingAdvice.invoke(AspectJAfterThrowingAdvice.java:64)\r\n	at org.springframework.aop.framework.ReflectiveMethodInvocation.proceed(ReflectiveMethodInvocation.java:173)\r\n	at org.springframework.aop.framework.CglibAopProxy$CglibMethodInvocation.proceed(CglibAopProxy.java:751)\r\n	at org.springframework.aop.aspectj.MethodInvocationProceedingJoinPoint.proceed(MethodInvocationProceedingJoinPoint.java:89)\r\n	at com.ems.logs.ascept.LogAspect.logAround(LogAspect.java:63)\r\n	at java.base/jdk.internal.reflect.NativeMethodAccessorImpl.invoke0(Native Method)\r\n	at java.base/jdk.internal.reflect.NativeMethodAccessorImpl.invoke(NativeMethodAccessorImpl.java:77)\r\n	at java.base/jdk.internal.reflect.DelegatingMethodAccessorImpl.invoke(DelegatingMethodAccessorImpl.java:43)\r\n	at java.base/java.lang.reflect.Method.invoke(Method.java:568)\r\n	at org.springframework.aop.aspectj.AbstractAspectJAdvice.invokeAdviceMethodWithGivenArgs(AbstractAspectJAdvice.java:637)\r\n	at org.springframework.aop.aspectj.AbstractAspectJAdvice.invokeAdviceMethod(AbstractAspectJAdvice.java:627)\r\n	at org.springframework.aop.aspectj.AspectJAroundAdvice.invoke(AspectJAroundAdvice.java:71)\r\n	at org.springframework.aop.framework.ReflectiveMethodInvocation.proceed(ReflectiveMethodInvocation.java:173)\r\n	at org.springframework.aop.framework.CglibAopProxy$CglibMethodInvocation.proceed(CglibAopProxy.java:751)\r\n	at org.springframework.aop.interceptor.ExposeInvocationInterceptor.invoke(ExposeInvocationInterceptor.java:97)\r\n	at org.springframework.aop.framework.ReflectiveMethodInvocation.proceed(ReflectiveMethodInvocation.java:184)\r\n	at org.springframework.aop.framework.CglibAopProxy$CglibMethodInvocation.proceed(CglibAopProxy.java:751)\r\n	at org.springframework.aop.framework.CglibAopProxy$DynamicAdvisedInterceptor.intercept(CglibAopProxy.java:703)\r\n	at com.ems.system.controller.LoginController$$SpringCGLIB$$0.login(<generated>)\r\n	at java.base/jdk.internal.reflect.NativeMethodAccessorImpl.invoke0(Native Method)\r\n	at java.base/jdk.internal.reflect.NativeMethodAccessorImpl.invoke(NativeMethodAccessorImpl.java:77)\r\n	at java.base/jdk.internal.reflect.DelegatingMethodAccessorImpl.invoke(DelegatingMethodAccessorImpl.java:43)\r\n	at java.base/java.lang.reflect.Method.invoke(Method.java:568)\r\n	at org.springframework.web.method.support.InvocableHandlerMethod.doInvoke(InvocableHandlerMethod.java:205)\r\n	at org.springframework.web.method.support.InvocableHandlerMethod.invokeForRequest(InvocableHandlerMethod.java:150)\r\n	at org.springframework.web.servlet.mvc.method.annotation.ServletInvocableHandlerMethod.invokeAndHandle(ServletInvocableHandlerMethod.java:118)\r\n	at org.springframework.web.servlet.mvc.method.annotation.RequestMappingHandlerAdapter.invokeHandlerMethod(RequestMappingHandlerAdapter.java:884)\r\n	at org.springframework.web.servlet.mvc.method.annotation.RequestMappingHandlerAdapter.handleInternal(RequestMappingHandlerAdapter.java:797)\r\n	at org.springframework.web.servlet.mvc.method.AbstractHandlerMethodAdapter.handle(AbstractHandlerMethodAdapter.java:87)\r\n	at org.springframework.web.servlet.DispatcherServlet.doDispatch(DispatcherServlet.java:1081)\r\n	at org.springframework.web.servlet.DispatcherServlet.doService(DispatcherServlet.java:974)\r\n	at org.springframework.web.servlet.FrameworkServlet.processRequest(FrameworkServlet.java:1011)\r\n	at org.springframework.web.servlet.FrameworkServlet.doPost(FrameworkServlet.java:914)\r\n	at jakarta.servlet.http.HttpServlet.service(HttpServlet.java:590)\r\n	at org.springframework.web.servlet.FrameworkServlet.service(FrameworkServlet.java:885)\r\n	at jakarta.servlet.http.HttpServlet.service(HttpServlet.java:658)\r\n	at org.apache.catalina.core.ApplicationFilterChain.internalDoFilter(ApplicationFilterChain.java:205)\r\n	at org.apache.catalina.core.ApplicationFilterChain.doFilter(ApplicationFilterChain.java:149)\r\n	at org.apache.tomcat.websocket.server.WsFilter.doFilter(WsFilter.java:51)\r\n	at org.apache.catalina.core.ApplicationFilterChain.internalDoFilter(ApplicationFilterChain.java:174)\r\n	at org.apache.catalina.core.ApplicationFilterChain.doFilter(ApplicationFilterChain.java:149)\r\n	at org.springframework.web.filter.OncePerRequestFilter.doFilter(OncePerRequestFilter.java:110)\r\n	at org.apache.catalina.core.ApplicationFilterChain.internalDoFilter(ApplicationFilterChain.java:174)\r\n	at org.apache.catalina.core.ApplicationFilterChain.doFilter(ApplicationFilterChain.java:149)\r\n	at org.springframework.web.filter.OncePerRequestFilter.doFilter(OncePerRequestFilter.java:110)\r\n	at org.apache.catalina.core.ApplicationFilterChain.internalDoFilter(ApplicationFilterChain.java:174)\r\n	at org.apache.catalina.core.ApplicationFilterChain.doFilter(ApplicationFilterChain.java:149)\r\n	at org.springframework.security.web.FilterChainProxy.lambda$doFilterInternal$3(FilterChainProxy.java:231)\r\n	at org.springframework.security.web.FilterChainProxy$VirtualFilterChain.doFilter(FilterChainProxy.java:365)\r\n	at org.springframework.security.web.access.intercept.AuthorizationFilter.doFilter(AuthorizationFilter.java:100)\r\n	at org.springframework.security.web.FilterChainProxy$VirtualFilterChain.doFilter(FilterChainProxy.java:374)\r\n	at org.springframework.security.web.access.ExceptionTranslationFilter.doFilter(ExceptionTranslationFilter.java:126)\r\n	at org.springframework.security.web.access.ExceptionTranslationFilter.doFilter(ExceptionTranslationFilter.java:120)\r\n	at org.springframework.security.web.FilterChainProxy$VirtualFilterChain.doFilter(FilterChainProxy.java:374)\r\n	at org.springframework.security.web.session.SessionManagementFilter.doFilter(SessionManagementFilter.java:131)\r\n	at org.springframework.security.web.session.SessionManagementFilter.doFilter(SessionManagementFilter.java:85)\r\n	at org.springframework.security.web.FilterChainProxy$VirtualFilterChain.doFilter(FilterChainProxy.java:374)\r\n	at org.springframework.security.web.authentication.AnonymousAuthenticationFilter.doFilter(AnonymousAuthenticationFilter.java:100)\r\n	at org.springframework.security.web.FilterChainProxy$VirtualFilterChain.doFilter(FilterChainProxy.java:374)\r\n	at org.springframework.security.web.servletapi.SecurityContextHolderAwareRequestFilter.doFilter(SecurityContextHolderAwareRequestFilter.java:179)\r\n	at org.springframework.security.web.FilterChainProxy$VirtualFilterChain.doFilter(FilterChainProxy.java:374)\r\n	at org.springframework.security.web.savedrequest.RequestCacheAwareFilter.doFilter(RequestCacheAwareFilter.java:63)\r\n	at org.springframework.security.web.FilterChainProxy$VirtualFilterChain.doFilter(FilterChainProxy.java:374)\r\n	at com.ems.config.filter.JwtAuthorizationFilter.doFilterInternal(JwtAuthorizationFilter.java:56)\r\n	at org.springframework.web.filter.OncePerRequestFilter.doFilter(OncePerRequestFilter.java:116)\r\n	at org.springframework.security.web.FilterChainProxy$VirtualFilterChain.doFilter(FilterChainProxy.java:374)\r\n	at org.springframework.web.filter.CorsFilter.doFilterInternal(CorsFilter.java:91)\r\n	at org.springframework.web.filter.OncePerRequestFilter.doFilter(OncePerRequestFilter.java:116)\r\n	at org.springframework.security.web.FilterChainProxy$VirtualFilterChain.doFilter(FilterChainProxy.java:374)\r\n	at org.springframework.security.web.authentication.logout.LogoutFilter.doFilter(LogoutFilter.java:107)\r\n	at org.springframework.security.web.authentication.logout.LogoutFilter.doFilter(LogoutFilter.java:93)\r\n	at org.springframework.security.web.FilterChainProxy$VirtualFilterChain.doFilter(FilterChainProxy.java:374)\r\n	at org.springframework.security.web.header.HeaderWriterFilter.doHeadersAfter(HeaderWriterFilter.java:90)\r\n	at org.springframework.security.web.header.HeaderWriterFilter.doFilterInternal(HeaderWriterFilter.java:75)\r\n	at org.springframework.web.filter.OncePerRequestFilter.doFilter(OncePerRequestFilter.java:116)\r\n	at org.springframework.security.web.FilterChainProxy$VirtualFilterChain.doFilter(FilterChainProxy.java:374)\r\n	at org.springframework.security.web.context.SecurityContextHolderFilter.doFilter(SecurityContextHolderFilter.java:82)\r\n	at org.springframework.security.web.context.SecurityContextHolderFilter.doFilter(SecurityContextHolderFilter.java:69)\r\n	at org.springframework.security.web.FilterChainProxy$VirtualFilterChain.doFilter(FilterChainProxy.java:374)\r\n	at org.springframework.security.web.context.request.async.WebAsyncManagerIntegrationFilter.doFilterInternal(WebAsyncManagerIntegrationFilter.java:62)\r\n	at org.springframework.web.filter.OncePerRequestFilter.doFilter(OncePerRequestFilter.java:116)\r\n	at org.springframework.security.web.FilterChainProxy$VirtualFilterChain.doFilter(FilterChainProxy.java:374)\r\n	at org.springframework.security.web.session.DisableEncodeUrlFilter.doFilterInternal(DisableEncodeUrlFilter.java:42)\r\n	at org.springframework.web.filter.OncePerRequestFilter.doFilter(OncePerRequestFilter.java:116)\r\n	at org.springframework.security.web.FilterChainProxy$VirtualFilterChain.doFilter(FilterChainProxy.java:374)\r\n	at org.springframework.security.web.FilterChainProxy.doFilterInternal(FilterChainProxy.java:233)\r\n	at org.springframework.security.web.FilterChainProxy.doFilter(FilterChainProxy.java:191)\r\n	at org.springframework.web.filter.DelegatingFilterProxy.invokeDelegate(DelegatingFilterProxy.java:352)\r\n	at org.springframework.web.filter.DelegatingFilterProxy.doFilter(DelegatingFilterProxy.java:268)\r\n	at org.apache.catalina.core.ApplicationFilterChain.internalDoFilter(ApplicationFilterChain.java:174)\r\n	at org.apache.catalina.core.ApplicationFilterChain.doFilter(ApplicationFilterChain.java:149)\r\n	at org.springframework.web.filter.RequestContextFilter.doFilterInternal(RequestContextFilter.java:100)\r\n	at org.springframework.web.filter.OncePerRequestFilter.doFilter(OncePerRequestFilter.java:116)\r\n	at org.apache.catalina.core.ApplicationFilterChain.internalDoFilter(ApplicationFilterChain.java:174)\r\n	at org.apache.catalina.core.ApplicationFilterChain.doFilter(ApplicationFilterChain.java:149)\r\n	at org.springframework.web.filter.FormContentFilter.doFilterInternal(FormContentFilter.java:93)\r\n	at org.springframework.web.filter.OncePerRequestFilter.doFilter(OncePerRequestFilter.java:116)\r\n	at org.apache.catalina.core.ApplicationFilterChain.internalDoFilter(ApplicationFilterChain.java:174)\r\n	at org.apache.catalina.core.ApplicationFilterChain.doFilter(ApplicationFilterChain.java:149)\r\n	at org.springframework.web.filter.CharacterEncodingFilter.doFilterInternal(CharacterEncodingFilter.java:201)\r\n	at org.springframework.web.filter.OncePerRequestFilter.doFilter(OncePerRequestFilter.java:116)\r\n	at org.apache.catalina.core.ApplicationFilterChain.internalDoFilter(ApplicationFilterChain.java:174)\r\n	at org.apache.catalina.core.ApplicationFilterChain.doFilter(ApplicationFilterChain.java:149)\r\n	at org.apache.catalina.core.StandardWrapperValve.invoke(StandardWrapperValve.java:167)\r\n	at org.apache.catalina.core.StandardContextValve.invoke(StandardContextValve.java:90)\r\n	at org.apache.catalina.authenticator.AuthenticatorBase.invoke(AuthenticatorBase.java:482)\r\n	at org.apache.catalina.core.StandardHostValve.invoke(StandardHostValve.java:115)\r\n	at org.apache.catalina.valves.ErrorReportValve.invoke(ErrorReportValve.java:93)\r\n	at org.apache.catalina.core.StandardEngineValve.invoke(StandardEngineValve.java:74)\r\n	at org.apache.catalina.connector.CoyoteAdapter.service(CoyoteAdapter.java:340)\r\n	at org.apache.coyote.http11.Http11Processor.service(Http11Processor.java:391)\r\n	at org.apache.coyote.AbstractProcessorLight.process(AbstractProcessorLight.java:63)\r\n	at org.apache.coyote.AbstractProtocol$ConnectionHandler.process(AbstractProtocol.java:896)\r\n	at org.apache.tomcat.util.net.NioEndpoint$SocketProcessor.doRun(NioEndpoint.java:1744)\r\n	at org.apache.tomcat.util.net.SocketProcessorBase.run(SocketProcessorBase.java:52)\r\n	at org.apache.tomcat.util.threads.ThreadPoolExecutor.runWorker(ThreadPoolExecutor.java:1191)\r\n	at org.apache.tomcat.util.threads.ThreadPoolExecutor$Worker.run(ThreadPoolExecutor.java:659)\r\n	at org.apache.tomcat.util.threads.TaskThread$WrappingRunnable.run(TaskThread.java:61)\r\n	at java.base/java.lang.Thread.run(Thread.java:842)\r\n','2024-10-12 10:48:43','用户登录'),
(6806,'1','com.ems.system.controller.LoginController.login()','{com.ems.system.entity.dto.UserDto@34174146 SecurityContextHolderAwareRequestWrapper[ org.springframework.security.web.header.HeaderWriterFilter$HeaderWriterRequest@26264b09]  }',1,'10.25.247.47','admin',NULL,'2024-10-12 10:49:16','用户登录'),
(6807,'1','com.ems.system.controller.LoginController.login()','{com.ems.system.entity.dto.UserDto@331dedde SecurityContextHolderAwareRequestWrapper[ org.springframework.security.web.header.HeaderWriterFilter$HeaderWriterRequest@3678c498]  }',426,'10.25.247.47','admin',NULL,'2024-10-12 10:54:50','用户登录'),
(6808,'1','com.ems.system.controller.LoginController.login()','{com.ems.system.entity.dto.UserDto@5db2deb0 SecurityContextHolderAwareRequestWrapper[ org.springframework.security.web.header.HeaderWriterFilter$HeaderWriterRequest@53753b76]  }',0,'10.25.247.47','admin',NULL,'2024-10-12 10:54:54','用户登录'),
(6809,'1','com.ems.system.controller.LoginController.login()','{com.ems.system.entity.dto.UserDto@4093bdff SecurityContextHolderAwareRequestWrapper[ org.springframework.security.web.header.HeaderWriterFilter$HeaderWriterRequest@497b2d38]  }',128,'10.25.247.47','admin',NULL,'2024-10-12 10:54:59','用户登录'),
(6810,'1','com.ems.system.controller.SysMenuController.getMenuTree()','{ }',15,'10.25.247.47','admin',NULL,'2024-10-12 10:55:00','获取菜单树'),
(6811,'1','com.ems.system.controller.SysMenuController.getPermission()','{ }',8,'10.25.247.47','admin',NULL,'2024-10-12 10:55:00','获取权限列表'),
(6812,'1','com.ems.system.controller.SysUserController.queryUserTable()','{com.ems.system.entity.dto.QueryDto@64e38fab  }',67,'10.25.247.47','admin',NULL,'2024-10-12 10:55:03','查询用户列表'),
(6813,'1','com.ems.system.controller.SysUserController.queryUserTable()','{com.ems.system.entity.dto.QueryDto@5db64754  }',12,'10.25.247.47','admin',NULL,'2024-10-12 10:55:03','查询用户列表'),
(6814,'1','com.ems.system.controller.SysUserController.queryUserTable()','{com.ems.system.entity.dto.QueryDto@3afc3dac  }',12,'10.25.247.47','admin',NULL,'2024-10-12 10:55:03','查询用户列表'),
(6815,'1','com.ems.system.controller.SysMenuController.getMenuTable()','{  }',5,'10.25.247.47','admin',NULL,'2024-10-12 10:55:04','获取菜单列表'),
(6816,'1','com.ems.system.controller.SysMenuController.getMenuTable()','{  }',4,'10.25.247.47','admin',NULL,'2024-10-12 10:55:04','获取菜单列表'),
(6817,'1','com.ems.system.controller.SysMenuController.getMenuTable()','{  }',6,'10.25.247.47','admin',NULL,'2024-10-12 10:55:04','获取菜单列表'),
(6818,'1','com.ems.system.controller.SysMenuController.getMenuTable()','{  }',6,'10.25.247.47','admin',NULL,'2024-10-12 10:55:04','获取菜单列表'),
(6819,'1','com.ems.system.controller.SysRoleController.getRoleList()','{  }',5,'10.25.247.47','admin',NULL,'2024-10-12 10:55:05','获取角色列表'),
(6820,'1','com.ems.system.controller.SysRoleController.getRoleList()','{  }',2,'10.25.247.47','admin',NULL,'2024-10-12 10:55:05','获取角色列表'),
(6821,'1','com.ems.system.controller.SysRoleController.getRoleList()','{  }',5,'10.25.247.47','admin',NULL,'2024-10-12 10:55:05','获取角色列表'),
(6822,'1','com.ems.system.controller.SysRoleController.getRoleList()','{  }',4,'10.25.247.47','admin',NULL,'2024-10-12 10:55:05','获取角色列表'),
(6823,'1','com.ems.system.controller.SysRoleController.getRoleList()','{  }',4,'10.25.247.47','admin',NULL,'2024-10-12 10:55:07','获取角色列表'),
(6824,'1','com.ems.system.controller.SysUserController.queryUserTable()','{com.ems.system.entity.dto.QueryDto@41fe7f74  }',7,'10.25.247.47','admin',NULL,'2024-10-12 10:55:08','查询用户列表'),
(6825,'1','com.ems.system.controller.SysUserController.queryUserTable()','{com.ems.system.entity.dto.QueryDto@21dcdaee  }',5,'10.25.247.47','admin',NULL,'2024-10-12 10:55:08','查询用户列表'),
(6826,'1','com.ems.system.controller.SysUserController.queryUserTable()','{com.ems.system.entity.dto.QueryDto@5dd83fe7  }',6,'10.25.247.47','admin',NULL,'2024-10-12 10:55:09','查询用户列表'),
(6827,'1','com.ems.system.controller.SysUserController.queryUserTable()','{com.ems.system.entity.dto.QueryDto@450d0f51  }',5,'10.25.247.47','admin',NULL,'2024-10-12 10:55:09','查询用户列表'),
(6828,'1','com.ems.system.controller.SysUserController.queryUserTable()','{com.ems.system.entity.dto.QueryDto@519bc949  }',6,'10.25.247.47','admin',NULL,'2024-10-12 10:55:09','查询用户列表'),
(6829,'1','com.ems.system.controller.SysMenuController.getMenuTable()','{  }',5,'10.25.247.47','admin',NULL,'2024-10-12 10:55:11','获取菜单列表'),
(6830,'1','com.ems.system.controller.SysMenuController.getMenuTable()','{  }',4,'10.25.247.47','admin',NULL,'2024-10-12 10:55:12','获取菜单列表'),
(6831,'1','com.ems.system.controller.SysMenuController.getMenuTable()','{  }',4,'10.25.247.47','admin',NULL,'2024-10-12 10:55:12','获取菜单列表'),
(6832,'1','com.ems.system.controller.SysMenuController.getMenuTable()','{  }',4,'10.25.247.47','admin',NULL,'2024-10-12 10:55:12','获取菜单列表'),
(6833,'1','com.ems.system.controller.SysMenuController.getMenuTable()','{  }',5,'10.25.247.47','admin',NULL,'2024-10-12 10:55:12','获取菜单列表'),
(6834,'1','com.ems.system.controller.LoginController.login()','{com.ems.system.entity.dto.UserDto@2ebc465e SecurityContextHolderAwareRequestWrapper[ org.springframework.security.web.header.HeaderWriterFilter$HeaderWriterRequest@4e9ad654]  }',216,'10.91.128.53','admin',NULL,'2024-10-12 17:05:20','用户登录'),
(6835,'1','com.ems.system.controller.LoginController.login()','{com.ems.system.entity.dto.UserDto@66bcc3b8 SecurityContextHolderAwareRequestWrapper[ org.springframework.security.web.header.HeaderWriterFilter$HeaderWriterRequest@8f1ecb]  }',0,'10.91.128.53','admin',NULL,'2024-10-12 17:05:29','用户登录'),
(6836,'1','com.ems.system.controller.LoginController.login()','{com.ems.system.entity.dto.UserDto@50d9f89 SecurityContextHolderAwareRequestWrapper[ org.springframework.security.web.header.HeaderWriterFilter$HeaderWriterRequest@31747e2e]  }',111,'10.91.128.53','admin',NULL,'2024-10-12 17:05:33','用户登录'),
(6837,'1','com.ems.system.controller.SysMenuController.getPermission()','{ }',29,'10.91.128.53','admin',NULL,'2024-10-12 17:05:33','获取权限列表'),
(6838,'1','com.ems.system.controller.SysMenuController.getMenuTree()','{ }',37,'10.91.128.53','admin',NULL,'2024-10-12 17:05:33','获取菜单树'),
(6839,'1','com.ems.system.controller.SysMenuController.getMenuTable()','{  }',5,'10.91.128.53','admin',NULL,'2024-10-12 17:05:42','获取菜单列表'),
(6840,'1','com.ems.system.controller.SysMenuController.getMenuTable()','{  }',2,'10.91.128.53','admin',NULL,'2024-10-12 17:05:42','获取菜单列表'),
(6841,'1','com.ems.system.controller.SysRoleController.getRoleList()','{  }',4,'10.91.128.53','admin',NULL,'2024-10-12 17:05:43','获取角色列表'),
(6842,'1','com.ems.system.controller.SysRoleController.getRoleList()','{  }',3,'10.91.128.53','admin',NULL,'2024-10-12 17:05:43','获取角色列表'),
(6843,'1','com.ems.system.controller.SysRoleController.getRoleList()','{  }',4,'10.91.128.53','admin',NULL,'2024-10-12 17:05:43','获取角色列表'),
(6844,'1','com.ems.system.controller.SysMenuController.getMenuTable()','{  }',3,'10.91.128.53','admin',NULL,'2024-10-12 17:05:44','获取菜单列表'),
(6845,'1','com.ems.system.controller.SysMenuController.getMenuTable()','{  }',3,'10.91.128.53','admin',NULL,'2024-10-12 17:05:44','获取菜单列表'),
(6846,'1','com.ems.system.controller.SysMenuController.getMenuTable()','{  }',3,'10.91.128.53','admin',NULL,'2024-10-12 17:05:44','获取菜单列表'),
(6847,'1','com.ems.system.controller.SysRoleController.getRoleList()','{  }',2,'10.91.128.53','admin',NULL,'2024-10-12 17:05:44','获取角色列表'),
(6848,'1','com.ems.system.controller.SysRoleController.getRoleList()','{  }',3,'10.91.128.53','admin',NULL,'2024-10-12 17:05:45','获取角色列表'),
(6849,'1','com.ems.system.controller.SysRoleController.getRoleList()','{  }',4,'10.91.128.53','admin',NULL,'2024-10-12 17:05:45','获取角色列表'),
(6850,'1','com.ems.system.controller.SysMenuController.getMenuTable()','{  }',3,'10.91.128.53','admin',NULL,'2024-10-12 17:05:46','获取菜单列表'),
(6851,'1','com.ems.system.controller.SysMenuController.getMenuTable()','{  }',3,'10.91.128.53','admin',NULL,'2024-10-12 17:05:46','获取菜单列表'),
(6852,'1','com.ems.system.controller.SysMenuController.getMenuTable()','{  }',4,'10.91.128.53','admin',NULL,'2024-10-12 17:05:46','获取菜单列表'),
(6853,'1','com.ems.system.controller.SysRoleController.getRoleList()','{  }',2,'10.91.128.53','admin',NULL,'2024-10-12 17:05:57','获取角色列表'),
(6854,'1','com.ems.system.controller.SysRoleController.getRoleList()','{  }',1,'10.91.128.53','admin',NULL,'2024-10-12 17:05:57','获取角色列表'),
(6855,'1','com.ems.system.controller.SysRoleController.getRoleList()','{  }',2,'10.91.128.53','admin',NULL,'2024-10-12 17:05:57','获取角色列表'),
(6856,'1','com.ems.system.controller.SysMenuController.getMenuTable()','{  }',3,'10.91.128.53','admin',NULL,'2024-10-12 17:05:59','获取菜单列表'),
(6857,'1','com.ems.system.controller.SysMenuController.getMenuTable()','{  }',2,'10.91.128.53','admin',NULL,'2024-10-12 17:05:59','获取菜单列表'),
(6858,'1','com.ems.system.controller.SysMenuController.getMenuTable()','{  }',12,'10.91.128.53','admin',NULL,'2024-10-12 17:05:59','获取菜单列表'),
(6859,'1','com.ems.system.controller.LoginController.login()','{com.ems.system.entity.dto.UserDto@331dedde SecurityContextHolderAwareRequestWrapper[ org.springframework.security.web.header.HeaderWriterFilter$HeaderWriterRequest@2031ed7f]  }',568,'192.168.32.1','admin',NULL,'2024-10-12 22:27:32','用户登录'),
(6860,'1','com.ems.system.controller.SysMenuController.getPermission()','{ }',12,'192.168.32.1','admin',NULL,'2024-10-12 22:27:32','获取权限列表'),
(6861,'1','com.ems.system.controller.SysMenuController.getMenuTree()','{ }',17,'192.168.32.1','admin',NULL,'2024-10-12 22:27:32','获取菜单树'),
(6862,'1','com.ems.system.controller.SysUserController.queryUserTable()','{com.ems.system.entity.dto.QueryDto@7bc3def5  }',73,'192.168.32.1','admin',NULL,'2024-10-12 22:27:34','查询用户列表'),
(6863,'1','com.ems.system.controller.SysUserController.queryUserTable()','{com.ems.system.entity.dto.QueryDto@56e33605  }',17,'192.168.32.1','admin',NULL,'2024-10-12 22:27:34','查询用户列表'),
(6864,'1','com.ems.system.controller.SysUserController.queryUserTable()','{com.ems.system.entity.dto.QueryDto@2ae6433f  }',8,'192.168.32.1','admin',NULL,'2024-10-12 22:27:54','查询用户列表'),
(6865,'1','com.ems.system.controller.SysMenuController.getMenuTable()','{  }',8,'192.168.32.1','admin',NULL,'2024-10-12 22:27:55','获取菜单列表'),
(6866,'1','com.ems.system.controller.SysMenuController.getMenuTable()','{  }',5,'192.168.32.1','admin',NULL,'2024-10-12 22:27:55','获取菜单列表'),
(6867,'1','com.ems.system.controller.SysMenuController.getMenuTable()','{  }',4,'192.168.32.1','admin',NULL,'2024-10-12 22:27:55','获取菜单列表'),
(6868,'1','com.ems.system.controller.SysMenuController.getMenuTree()','{ }',10,'192.168.32.1','admin',NULL,'2024-10-12 22:28:01','获取菜单树'),
(6869,'1','com.ems.system.controller.SysMenuController.editMenu()','{com.ems.system.entity.SysMenu@a6a7897  }',8,'192.168.32.1','admin',NULL,'2024-10-12 22:28:10','编辑菜单'),
(6870,'1','com.ems.system.controller.SysMenuController.getMenuTable()','{  }',4,'192.168.32.1','admin',NULL,'2024-10-12 22:28:10','获取菜单列表'),
(6871,'1','com.ems.system.controller.SysUserController.queryUserTable()','{com.ems.system.entity.dto.QueryDto@4eabf551  }',18,'192.168.32.1','admin',NULL,'2024-10-13 00:56:03','查询用户列表'),
(6872,'1','com.ems.system.controller.SysUserController.queryUserTable()','{com.ems.system.entity.dto.QueryDto@7b0c2ac6  }',10,'192.168.32.1','admin',NULL,'2024-10-13 00:56:03','查询用户列表'),
(6873,'1','com.ems.system.controller.SysUserController.queryUserTable()','{com.ems.system.entity.dto.QueryDto@5fbfc928  }',12,'192.168.32.1','admin',NULL,'2024-10-13 00:56:04','查询用户列表'),
(6874,'1','com.ems.system.controller.SysMenuController.getMenuTable()','{  }',8,'192.168.32.1','admin',NULL,'2024-10-13 00:58:05','获取菜单列表'),
(6875,'1','com.ems.system.controller.SysMenuController.getMenuTable()','{  }',4,'192.168.32.1','admin',NULL,'2024-10-13 00:58:06','获取菜单列表'),
(6876,'1','com.ems.system.controller.SysMenuController.getMenuTable()','{  }',4,'192.168.32.1','admin',NULL,'2024-10-13 00:58:06','获取菜单列表'),
(6877,'1','com.ems.system.controller.SysMenuController.getMenuTree()','{ }',11,'192.168.32.1','admin',NULL,'2024-10-13 00:58:59','获取菜单树'),
(6878,'1','com.ems.system.controller.SysMenuController.getMenuTable()','{  }',7,'192.168.32.1','admin',NULL,'2024-10-13 00:59:43','获取菜单列表'),
(6879,'1','com.ems.system.controller.SysRoleController.getRoleList()','{  }',15,'192.168.32.1','admin',NULL,'2024-10-13 00:59:43','获取角色列表'),
(6880,'1','com.ems.system.controller.SysRoleController.getRoleList()','{  }',1,'192.168.32.1','admin',NULL,'2024-10-13 00:59:43','获取角色列表'),
(6881,'1','com.ems.system.controller.SysRoleController.getRoleList()','{  }',4,'192.168.32.1','admin',NULL,'2024-10-13 00:59:43','获取角色列表'),
(6882,'1','com.ems.system.controller.SysRoleController.getRoleList()','{  }',3,'192.168.32.1','admin',NULL,'2024-10-13 00:59:43','获取角色列表'),
(6883,'1','com.ems.system.controller.SysUserController.queryUserTable()','{com.ems.system.entity.dto.QueryDto@1b12df7a  }',11,'192.168.32.1','admin',NULL,'2024-10-13 01:16:16','查询用户列表'),
(6884,'1','com.ems.system.controller.SysUserController.queryUserTable()','{com.ems.system.entity.dto.QueryDto@79c96ef4  }',11,'192.168.32.1','admin',NULL,'2024-10-13 01:16:16','查询用户列表'),
(6885,'1','com.ems.system.controller.SysUserController.queryUserTable()','{com.ems.system.entity.dto.QueryDto@292061db  }',9,'192.168.32.1','admin',NULL,'2024-10-13 01:16:16','查询用户列表'),
(6886,'1','com.ems.system.controller.SysUserController.queryUserTable()','{com.ems.system.entity.dto.QueryDto@117c5d7d  }',10,'192.168.32.1','admin',NULL,'2024-10-13 01:16:17','查询用户列表'),
(6887,'1','com.ems.system.controller.SysRoleController.getRoleList()','{null  }',5,'192.168.32.1','admin',NULL,'2024-10-13 01:16:18','获取角色列表'),
(6888,'1','com.ems.system.controller.SysRoleController.getRoleList()','{null  }',7,'192.168.32.1','admin',NULL,'2024-10-13 01:16:19','获取角色列表'),
(6889,'1','com.ems.system.controller.SysRoleController.getRoleList()','{null  }',6,'192.168.32.1','admin',NULL,'2024-10-13 01:28:30','获取角色列表'),
(6890,'1','com.ems.system.controller.SysRoleController.getRoleList()','{null  }',5,'192.168.32.1','admin',NULL,'2024-10-13 01:28:30','获取角色列表'),
(6891,'1','com.ems.system.controller.SysMenuController.getMenuTable()','{  }',7,'192.168.32.1','admin',NULL,'2024-10-13 01:28:34','获取菜单列表'),
(6892,'1','com.ems.system.controller.SysMenuController.getMenuTable()','{  }',7,'192.168.32.1','admin',NULL,'2024-10-13 01:28:34','获取菜单列表'),
(6893,'1','com.ems.system.controller.SysMenuController.getMenuTable()','{  }',7,'192.168.32.1','admin',NULL,'2024-10-13 01:28:34','获取菜单列表'),
(6894,'1','com.ems.system.controller.SysMenuController.getMenuTable()','{  }',7,'192.168.32.1','admin',NULL,'2024-10-13 01:28:35','获取菜单列表'),
(6895,'1','com.ems.system.controller.SysMenuController.getMenuTree()','{ }',9,'192.168.32.1','admin',NULL,'2024-10-13 01:28:36','获取菜单树'),
(6896,'1','com.ems.system.controller.SysRoleController.getRoleList()','{  }',6,'192.168.32.1','admin',NULL,'2024-10-13 01:33:49','获取角色列表'),
(6897,'1','com.ems.system.controller.SysRoleController.getRoleList()','{  }',5,'192.168.32.1','admin',NULL,'2024-10-13 01:33:49','获取角色列表'),
(6898,'1','com.ems.system.controller.SysRoleController.getRoleList()','{  }',4,'192.168.32.1','admin',NULL,'2024-10-13 01:33:49','获取角色列表'),
(6899,'1','com.ems.system.controller.SysRoleController.getRoleList()','{  }',6,'192.168.32.1','admin',NULL,'2024-10-13 01:33:50','获取角色列表'),
(6900,'1','com.ems.system.controller.SysRoleMenuController.getMenuByRoleId()','{2  }',10,'192.168.32.1','admin',NULL,'2024-10-13 01:35:57','获取角色菜单'),
(6901,'1','com.ems.system.controller.SysMenuController.getMenuTable()','{null  }',7,'192.168.32.1','admin',NULL,'2024-10-13 01:35:57','获取菜单列表'),
(6902,'1','com.ems.system.controller.LoginController.login()','{com.ems.system.entity.dto.UserDto@a93bfca SecurityContextHolderAwareRequestWrapper[ org.springframework.security.web.header.HeaderWriterFilter$HeaderWriterRequest@df609ba]  }',520,'192.168.32.1','admin',NULL,'2024-10-17 10:49:39','用户登录'),
(6903,'1','com.ems.system.controller.LoginController.login()','{com.ems.system.entity.dto.UserDto@7da5f936 SecurityContextHolderAwareRequestWrapper[ org.springframework.security.web.header.HeaderWriterFilter$HeaderWriterRequest@534b09dc]  }',103,'192.168.32.1','admin',NULL,'2024-10-17 10:49:44','用户登录'),
(6904,'1','com.ems.system.controller.LoginController.login()','{com.ems.system.entity.dto.UserDto@77166dd3 SecurityContextHolderAwareRequestWrapper[ org.springframework.security.web.header.HeaderWriterFilter$HeaderWriterRequest@6eadaed7]  }',101,'192.168.32.1','admin',NULL,'2024-10-17 10:52:06','用户登录'),
(6905,'1','com.ems.system.controller.LoginController.login()','{com.ems.system.entity.dto.UserDto@4700b5da SecurityContextHolderAwareRequestWrapper[ org.springframework.security.web.header.HeaderWriterFilter$HeaderWriterRequest@5e5f8b74]  }',2,'192.168.32.1','admin',NULL,'2024-10-17 10:52:33','用户登录'),
(6906,'1','com.ems.system.controller.LoginController.login()','{com.ems.system.entity.dto.UserDto@4093bdff SecurityContextHolderAwareRequestWrapper[ org.springframework.security.web.header.HeaderWriterFilter$HeaderWriterRequest@7dce3d3c]  }',391,'192.168.32.1','admin',NULL,'2024-10-17 10:53:19','用户登录'),
(6907,'1','com.ems.system.controller.LoginController.login()','{com.ems.system.entity.dto.UserDto@77166dd3 SecurityContextHolderAwareRequestWrapper[ org.springframework.security.web.header.HeaderWriterFilter$HeaderWriterRequest@6eadaed7]  }',98,'192.168.32.1','admin',NULL,'2024-10-17 10:53:24','用户登录'),
(6908,'1','com.ems.system.controller.LoginController.login()','{com.ems.system.entity.dto.UserDto@69df2684 SecurityContextHolderAwareRequestWrapper[ org.springframework.security.web.header.HeaderWriterFilter$HeaderWriterRequest@d59ec8b]  }',155,'192.168.32.1','admin',NULL,'2024-10-17 10:53:32','用户登录'),
(6909,'1','com.ems.system.controller.SysMenuController.getMenuTree()','{ }',20,'192.168.32.1','admin',NULL,'2024-10-17 10:53:33','获取菜单树'),
(6910,'1','com.ems.system.controller.SysMenuController.getPermission()','{ }',10,'192.168.32.1','admin',NULL,'2024-10-17 10:53:33','获取权限列表'),
(6911,'1','com.ems.system.controller.SysUserController.queryUserTable()','{com.ems.system.entity.dto.QueryDto@132ac88d  }',59,'192.168.32.1','admin',NULL,'2024-10-17 10:54:02','查询用户列表'),
(6912,'1','com.ems.system.controller.SysUserController.queryUserTable()','{com.ems.system.entity.dto.QueryDto@5126cc4f  }',6,'192.168.32.1','admin',NULL,'2024-10-17 10:54:03','查询用户列表'),
(6913,'1','com.ems.system.controller.SysUserController.queryUserTable()','{com.ems.system.entity.dto.QueryDto@44a8ba7e  }',8,'192.168.32.1','admin',NULL,'2024-10-17 10:54:15','查询用户列表'),
(6914,'1','com.ems.system.controller.SysRoleController.getRoleList()','{  }',3,'192.168.32.1','admin',NULL,'2024-10-17 10:54:15','获取角色列表'),
(6915,'1','com.ems.system.controller.SysRoleController.getRoleList()','{  }',4,'192.168.32.1','admin',NULL,'2024-10-17 10:54:15','获取角色列表'),
(6916,'1','com.ems.system.controller.SysMenuController.getMenuTable()','{  }',8,'192.168.32.1','admin',NULL,'2024-10-17 10:54:16','获取菜单列表'),
(6917,'1','com.ems.system.controller.SysRoleController.getRoleList()','{  }',3,'192.168.32.1','admin',NULL,'2024-10-17 10:54:16','获取角色列表'),
(6918,'1','com.ems.system.controller.SysMenuController.getMenuTable()','{  }',5,'192.168.32.1','admin',NULL,'2024-10-17 10:54:16','获取菜单列表'),
(6919,'1','com.ems.system.controller.SysRoleController.getRoleList()','{  }',2,'192.168.32.1','admin',NULL,'2024-10-17 10:54:16','获取角色列表'),
(6920,'1','com.ems.system.controller.SysMenuController.getMenuTable()','{  }',4,'192.168.32.1','admin',NULL,'2024-10-17 10:54:16','获取菜单列表'),
(6921,'1','com.ems.system.controller.SysMenuController.getMenuTable()','{  }',5,'192.168.32.1','admin',NULL,'2024-10-17 10:54:16','获取菜单列表'),
(6922,'1','com.ems.system.controller.SysRoleController.getRoleList()','{  }',4,'192.168.32.1','admin',NULL,'2024-10-17 10:54:20','获取角色列表'),
(6923,'1','com.ems.system.controller.SysRoleController.getRoleList()','{  }',2,'192.168.32.1','admin',NULL,'2024-10-17 10:54:20','获取角色列表'),
(6924,'1','com.ems.system.controller.SysRoleController.getRoleList()','{  }',3,'192.168.32.1','admin',NULL,'2024-10-17 10:54:20','获取角色列表'),
(6925,'1','com.ems.system.controller.SysRoleController.getRoleList()','{  }',2,'192.168.32.1','admin',NULL,'2024-10-17 10:54:20','获取角色列表'),
(6926,'1','com.ems.system.controller.SysMenuController.getMenuTable()','{  }',5,'192.168.32.1','admin',NULL,'2024-10-17 10:54:21','获取菜单列表'),
(6927,'1','com.ems.system.controller.SysMenuController.getMenuTable()','{  }',5,'192.168.32.1','admin',NULL,'2024-10-17 10:54:21','获取菜单列表'),
(6928,'1','com.ems.system.controller.SysMenuController.getMenuTable()','{  }',3,'192.168.32.1','admin',NULL,'2024-10-17 10:54:22','获取菜单列表'),
(6929,'1','com.ems.system.controller.SysMenuController.getMenuTable()','{  }',4,'192.168.32.1','admin',NULL,'2024-10-17 10:54:22','获取菜单列表'),
(6930,'1','com.ems.system.controller.SysMenuController.getMenuTree()','{ }',10,'192.168.32.1','admin',NULL,'2024-10-17 10:54:45','获取菜单树'),
(6931,'1','com.ems.system.controller.SysMenuController.getMenuTree()','{ }',5,'192.168.32.1','admin',NULL,'2024-10-17 10:55:09','获取菜单树'),
(6932,'1','com.ems.system.controller.SysRoleController.getRoleList()','{  }',4,'192.168.32.1','admin',NULL,'2024-10-17 10:55:14','获取角色列表'),
(6933,'1','com.ems.system.controller.SysRoleController.getRoleList()','{  }',2,'192.168.32.1','admin',NULL,'2024-10-17 10:55:14','获取角色列表'),
(6934,'1','com.ems.system.controller.SysRoleController.getRoleList()','{  }',3,'192.168.32.1','admin',NULL,'2024-10-17 10:55:14','获取角色列表'),
(6935,'1','com.ems.system.controller.SysRoleController.getRoleList()','{  }',2,'192.168.32.1','admin',NULL,'2024-10-17 10:55:15','获取角色列表'),
(6936,'1','com.ems.system.controller.SysRoleMenuController.getMenuByRoleId()','{2  }',8,'192.168.32.1','admin',NULL,'2024-10-17 10:55:16','获取角色菜单'),
(6937,'1','com.ems.system.controller.SysMenuController.getMenuTable()','{null  }',4,'192.168.32.1','admin',NULL,'2024-10-17 10:55:16','获取菜单列表'),
(6938,'1','com.ems.system.controller.LoginController.login()','{com.ems.system.entity.dto.UserDto@59e8e80e SecurityContextHolderAwareRequestWrapper[ org.springframework.security.web.header.HeaderWriterFilter$HeaderWriterRequest@31c196de]  }',833,'192.168.32.1','admin',NULL,'2024-10-27 13:57:30','用户登录'),
(6939,'1','com.ems.system.controller.SysMenuController.getPermission()','{ }',18,'192.168.32.1','admin',NULL,'2024-10-27 13:57:30','获取权限列表'),
(6940,'1','com.ems.system.controller.SysMenuController.getMenuTree()','{ }',24,'192.168.32.1','admin',NULL,'2024-10-27 13:57:30','获取菜单树'),
(6941,'1','com.ems.system.controller.SysUserController.queryUserTable()','{com.ems.system.entity.dto.QueryDto@37971217  }',99,'192.168.32.1','admin',NULL,'2024-10-27 13:57:33','查询用户列表'),
(6942,'1','com.ems.system.controller.SysUserController.queryUserTable()','{com.ems.system.entity.dto.QueryDto@1de4dd5c  }',15,'192.168.32.1','admin',NULL,'2024-10-27 13:57:33','查询用户列表'),
(6943,'1','com.ems.system.controller.SysRoleController.getRoleList()','{null  }',8,'192.168.32.1','admin',NULL,'2024-10-27 13:57:37','获取角色列表'),
(6944,'1','com.ems.system.controller.SysUserController.queryUserTable()','{com.ems.system.entity.dto.QueryDto@4d440e35  }',14,'192.168.32.1','admin',NULL,'2024-10-27 13:57:39','查询用户列表'),
(6945,'1','com.ems.system.controller.SysMenuController.getMenuTable()','{  }',16,'192.168.32.1','admin',NULL,'2024-10-27 13:57:39','获取菜单列表'),
(6946,'1','com.ems.system.controller.SysMenuController.getMenuTable()','{  }',13,'192.168.32.1','admin',NULL,'2024-10-27 13:57:40','获取菜单列表'),
(6947,'1','com.ems.system.controller.SysMenuController.getMenuTable()','{  }',11,'192.168.32.1','admin',NULL,'2024-10-27 13:57:40','获取菜单列表'),
(6948,'1','com.ems.system.controller.SysMenuController.getMenuTable()','{  }',8,'192.168.32.1','admin',NULL,'2024-10-27 13:57:42','获取菜单列表'),
(6949,'1','com.ems.system.controller.SysMenuController.getMenuTable()','{  }',9,'192.168.32.1','admin',NULL,'2024-10-27 13:57:43','获取菜单列表'),
(6950,'1','com.ems.system.controller.SysMenuController.getMenuTable()','{  }',11,'192.168.32.1','admin',NULL,'2024-10-27 13:57:43','获取菜单列表'),
(6951,'1','com.ems.system.controller.SysMenuController.getMenuTable()','{  }',9,'192.168.32.1','admin',NULL,'2024-10-27 13:57:44','获取菜单列表'),
(6952,'1','com.ems.system.controller.SysMenuController.getMenuTable()','{  }',11,'192.168.32.1','admin',NULL,'2024-10-27 13:57:44','获取菜单列表'),
(6953,'1','com.ems.system.controller.SysUserController.queryUserTable()','{com.ems.system.entity.dto.QueryDto@76ec1599  }',14,'192.168.32.1','admin',NULL,'2024-10-27 13:57:44','查询用户列表'),
(6954,'1','com.ems.system.controller.SysUserController.queryUserTable()','{com.ems.system.entity.dto.QueryDto@17d4e65a  }',11,'192.168.32.1','admin',NULL,'2024-10-27 13:57:45','查询用户列表'),
(6955,'1','com.ems.system.controller.SysUserController.queryUserTable()','{com.ems.system.entity.dto.QueryDto@60e7f27e  }',14,'192.168.32.1','admin',NULL,'2024-10-27 13:57:45','查询用户列表'),
(6956,'1','com.ems.system.controller.SysRoleController.getRoleList()','{  }',5,'192.168.32.1','admin',NULL,'2024-10-27 13:57:45','获取角色列表'),
(6957,'1','com.ems.system.controller.SysUserController.queryUserTable()','{com.ems.system.entity.dto.QueryDto@120b44c1  }',10,'192.168.32.1','admin',NULL,'2024-10-27 13:57:45','查询用户列表'),
(6958,'1','com.ems.system.controller.SysRoleController.getRoleList()','{  }',4,'192.168.32.1','admin',NULL,'2024-10-27 13:57:45','获取角色列表'),
(6959,'1','com.ems.system.controller.SysUserController.queryUserTable()','{com.ems.system.entity.dto.QueryDto@5317236b  }',11,'192.168.32.1','admin',NULL,'2024-10-27 13:57:46','查询用户列表'),
(6960,'1','com.ems.system.controller.SysRoleController.getRoleList()','{  }',5,'192.168.32.1','admin',NULL,'2024-10-27 13:57:46','获取角色列表'),
(6961,'1','com.ems.system.controller.SysRoleController.getRoleList()','{  }',5,'192.168.32.1','admin',NULL,'2024-10-27 13:57:46','获取角色列表'),
(6962,'1','com.ems.system.controller.SysRoleController.getRoleList()','{  }',8,'192.168.32.1','admin',NULL,'2024-10-27 13:57:46','获取角色列表'),
(6963,'1','com.ems.system.controller.SysRoleMenuController.getMenuByRoleId()','{2  }',9,'192.168.32.1','admin',NULL,'2024-10-27 13:57:58','获取角色菜单'),
(6964,'1','com.ems.system.controller.SysMenuController.getMenuTable()','{null  }',8,'192.168.32.1','admin',NULL,'2024-10-27 13:57:58','获取菜单列表'),
(6965,'1','com.ems.system.controller.SysMenuController.getMenuTable()','{  }',7,'192.168.32.1','admin',NULL,'2024-10-27 13:58:06','获取菜单列表'),
(6966,'1','com.ems.system.controller.SysMenuController.getMenuTable()','{  }',6,'192.168.32.1','admin',NULL,'2024-10-27 13:58:06','获取菜单列表'),
(6967,'1','com.ems.system.controller.SysMenuController.getMenuTable()','{  }',8,'192.168.32.1','admin',NULL,'2024-10-27 13:58:07','获取菜单列表'),
(6968,'1','com.ems.system.controller.SysMenuController.getMenuTable()','{  }',7,'192.168.32.1','admin',NULL,'2024-10-27 13:58:07','获取菜单列表'),
(6969,'1','com.ems.system.controller.SysMenuController.getMenuTable()','{  }',5,'192.168.32.1','admin',NULL,'2024-10-27 13:58:07','获取菜单列表'),
(6970,'1','com.ems.system.controller.SysUserController.queryUserTable()','{com.ems.system.entity.dto.QueryDto@58dce39d  }',9,'192.168.32.1','admin',NULL,'2024-10-27 13:58:09','查询用户列表'),
(6971,'1','com.ems.system.controller.SysUserController.queryUserTable()','{com.ems.system.entity.dto.QueryDto@237f66fa  }',9,'192.168.32.1','admin',NULL,'2024-10-27 13:58:09','查询用户列表'),
(6972,'1','com.ems.system.controller.SysUserController.queryUserTable()','{com.ems.system.entity.dto.QueryDto@60d4a6b3  }',15,'192.168.32.1','admin',NULL,'2024-10-27 13:58:09','查询用户列表'),
(6973,'1','com.ems.system.controller.SysUserController.queryUserTable()','{com.ems.system.entity.dto.QueryDto@aa95786  }',12,'192.168.32.1','admin',NULL,'2024-10-27 13:58:10','查询用户列表'),
(6974,'1','com.ems.system.controller.SysUserController.queryUserTable()','{com.ems.system.entity.dto.QueryDto@293c667d  }',11,'192.168.32.1','admin',NULL,'2024-10-27 13:58:10','查询用户列表'),
(6975,'1','com.ems.system.controller.SysMenuController.getPermission()','{ }',10,'192.168.32.1','admin',NULL,'2024-10-27 13:59:13','获取权限列表'),
(6976,'1','com.ems.system.controller.SysMenuController.getMenuTree()','{ }',9,'192.168.32.1','admin',NULL,'2024-10-27 13:59:13','获取菜单树'),
(6977,'1','com.ems.system.controller.SysUserController.queryUserTable()','{com.ems.system.entity.dto.QueryDto@2df406df  }',9,'192.168.32.1','admin',NULL,'2024-10-27 13:59:18','查询用户列表'),
(6978,'1','com.ems.system.controller.SysUserController.queryUserTable()','{com.ems.system.entity.dto.QueryDto@76fb2fbd  }',8,'192.168.32.1','admin',NULL,'2024-10-27 13:59:18','查询用户列表'),
(6979,'1','com.ems.system.controller.SysUserController.queryUserTable()','{com.ems.system.entity.dto.QueryDto@79487073  }',12,'192.168.32.1','admin',NULL,'2024-10-27 13:59:24','查询用户列表'),
(6980,'1','com.ems.system.controller.SysUserController.queryUserTable()','{com.ems.system.entity.dto.QueryDto@a274cba  }',7,'192.168.32.1','admin',NULL,'2024-10-27 13:59:24','查询用户列表'),
(6981,'1','com.ems.system.controller.SysRoleController.getRoleList()','{null  }',4,'192.168.32.1','admin',NULL,'2024-10-27 14:01:02','获取角色列表'),
(6982,'1','com.ems.system.controller.SysRoleController.getRoleList()','{null  }',8,'192.168.32.1','admin',NULL,'2024-10-27 14:01:03','获取角色列表'),
(6983,'1','com.ems.system.controller.SysRoleController.getRoleList()','{null  }',4,'192.168.32.1','admin',NULL,'2024-10-27 14:01:10','获取角色列表'),
(6984,'1','com.ems.system.controller.SysRoleController.getRoleList()','{null  }',4,'192.168.32.1','admin',NULL,'2024-10-27 14:01:11','获取角色列表'),
(6985,'1','com.ems.system.controller.SysRoleController.getRoleList()','{null  }',4,'192.168.32.1','admin',NULL,'2024-10-27 14:02:12','获取角色列表'),
(6986,'1','com.ems.system.controller.SysRoleController.getRoleList()','{null  }',6,'192.168.32.1','admin',NULL,'2024-10-27 14:02:12','获取角色列表'),
(6987,'1','com.ems.system.controller.SysRoleController.getRoleList()','{null  }',4,'192.168.32.1','admin',NULL,'2024-10-27 14:02:15','获取角色列表'),
(6988,'1','com.ems.system.controller.SysUserController.editUser()','{com.ems.system.entity.dto.UserDto@5ca4457  }',43,'192.168.32.1','admin',NULL,'2024-10-27 14:02:21','编辑用户'),
(6989,'1','com.ems.system.controller.SysUserController.queryUserTable()','{com.ems.system.entity.dto.QueryDto@511e9182  }',9,'192.168.32.1','admin',NULL,'2024-10-27 14:02:21','查询用户列表'),
(6990,'1','com.ems.system.controller.SysMenuController.getMenuTree()','{ }',9,'192.168.32.1','admin',NULL,'2024-10-27 14:03:05','获取菜单树'),
(6991,'1','com.ems.system.controller.SysMenuController.getPermission()','{ }',8,'192.168.32.1','admin',NULL,'2024-10-27 14:03:05','获取权限列表'),
(6992,'1','com.ems.system.controller.SysUserController.queryUserTable()','{com.ems.system.entity.dto.QueryDto@5f3df0f  }',5,'192.168.32.1','admin',NULL,'2024-10-27 14:03:08','查询用户列表'),
(6993,'1','com.ems.system.controller.SysUserController.queryUserTable()','{com.ems.system.entity.dto.QueryDto@5afc3544  }',5,'192.168.32.1','admin',NULL,'2024-10-27 14:03:08','查询用户列表'),
(6994,'1','com.ems.system.controller.SysRoleController.getRoleList()','{null  }',3,'192.168.32.1','admin',NULL,'2024-10-27 14:03:10','获取角色列表'),
(6995,'1','com.ems.system.controller.SysRoleController.getRoleList()','{null  }',2,'192.168.32.1','admin',NULL,'2024-10-27 14:03:10','获取角色列表'),
(6996,'1','com.ems.system.controller.SysUserController.editUser()','{com.ems.system.entity.dto.UserDto@72f3db1e  }',15,'192.168.32.1','admin',NULL,'2024-10-27 14:03:16','编辑用户'),
(6997,'1','com.ems.system.controller.SysUserController.queryUserTable()','{com.ems.system.entity.dto.QueryDto@1dae3327  }',4,'192.168.32.1','admin',NULL,'2024-10-27 14:03:17','查询用户列表'),
(6998,'1','com.ems.system.controller.SysRoleController.getRoleList()','{null  }',3,'192.168.32.1','admin',NULL,'2024-10-27 14:03:18','获取角色列表'),
(6999,'1','com.ems.system.controller.SysRoleController.getRoleList()','{null  }',3,'192.168.32.1','admin',NULL,'2024-10-27 14:03:19','获取角色列表'),
(7000,'1','com.ems.system.controller.SysUserController.editUser()','{com.ems.system.entity.dto.UserDto@4de6ffce  }',17,'192.168.32.1','admin',NULL,'2024-10-27 14:03:22','编辑用户'),
(7001,'1','com.ems.system.controller.SysUserController.queryUserTable()','{com.ems.system.entity.dto.QueryDto@35b9733e  }',4,'192.168.32.1','admin',NULL,'2024-10-27 14:03:23','查询用户列表'),
(7002,'1','com.ems.system.controller.LoginController.login()','{com.ems.system.entity.dto.UserDto@85175c1 SecurityContextHolderAwareRequestWrapper[ org.springframework.security.web.header.HeaderWriterFilter$HeaderWriterRequest@3b3a9a25]  }',104,'192.168.32.1','admin',NULL,'2024-10-27 14:04:18','用户登录'),
(7003,'1','com.ems.system.controller.SysMenuController.getPermission()','{ }',10,'192.168.32.1','admin',NULL,'2024-10-27 14:04:18','获取权限列表'),
(7004,'1','com.ems.system.controller.SysMenuController.getMenuTree()','{ }',12,'192.168.32.1','admin',NULL,'2024-10-27 14:04:18','获取菜单树'),
(7005,'1','com.ems.system.controller.SysUserController.queryUserTable()','{com.ems.system.entity.dto.QueryDto@45c538ff  }',7,'192.168.32.1','admin',NULL,'2024-10-27 14:04:19','查询用户列表'),
(7006,'1','com.ems.system.controller.SysUserController.queryUserTable()','{com.ems.system.entity.dto.QueryDto@709001e7  }',4,'192.168.32.1','admin',NULL,'2024-10-27 14:04:20','查询用户列表'),
(7007,'1','com.ems.system.controller.SysUserController.queryUserTable()','{com.ems.system.entity.dto.QueryDto@3d48cfac  }',6,'192.168.32.1','admin',NULL,'2024-10-27 14:04:42','查询用户列表'),
(7008,'1','com.ems.system.controller.SysUserController.queryUserTable()','{com.ems.system.entity.dto.QueryDto@53490916  }',5,'192.168.32.1','admin',NULL,'2024-10-27 14:04:42','查询用户列表'),
(7009,'1','com.ems.system.controller.SysUserController.queryUserTable()','{com.ems.system.entity.dto.QueryDto@bd97ce3  }',5,'192.168.32.1','admin',NULL,'2024-10-27 14:04:50','查询用户列表'),
(7010,'1','com.ems.system.controller.SysRoleController.getRoleList()','{  }',2,'192.168.32.1','admin',NULL,'2024-10-27 14:04:51','获取角色列表'),
(7011,'1','com.ems.system.controller.SysRoleController.getRoleList()','{  }',2,'192.168.32.1','admin',NULL,'2024-10-27 14:04:51','获取角色列表'),
(7012,'1','com.ems.system.controller.SysRoleController.getRoleList()','{  }',3,'192.168.32.1','admin',NULL,'2024-10-27 14:04:51','获取角色列表'),
(7013,'1','com.ems.system.controller.SysRoleController.getRoleList()','{  }',3,'192.168.32.1','admin',NULL,'2024-10-27 14:05:02','获取角色列表'),
(7014,'1','com.ems.system.controller.SysUserController.queryUserTable()','{com.ems.system.entity.dto.QueryDto@2f69acc8  }',6,'192.168.32.1','admin',NULL,'2024-10-27 14:06:33','查询用户列表'),
(7015,'1','com.ems.system.controller.SysUserController.queryUserTable()','{com.ems.system.entity.dto.QueryDto@31952684  }',5,'192.168.32.1','admin',NULL,'2024-10-27 14:06:34','查询用户列表'),
(7016,'1','com.ems.system.controller.SysUserController.queryUserTable()','{com.ems.system.entity.dto.QueryDto@116d374e  }',5,'192.168.32.1','admin',NULL,'2024-10-27 14:06:34','查询用户列表'),
(7017,'1','com.ems.system.controller.SysUserController.queryUserTable()','{com.ems.system.entity.dto.QueryDto@72bbdbc9  }',5,'192.168.32.1','admin',NULL,'2024-10-27 14:06:34','查询用户列表'),
(7018,'1','com.ems.system.controller.SysRoleController.getRoleList()','{  }',2,'192.168.32.1','admin',NULL,'2024-10-27 14:06:34','获取角色列表'),
(7019,'1','com.ems.system.controller.SysRoleController.getRoleList()','{  }',1,'192.168.32.1','admin',NULL,'2024-10-27 14:06:35','获取角色列表'),
(7020,'1','com.ems.system.controller.SysRoleController.getRoleList()','{  }',3,'192.168.32.1','admin',NULL,'2024-10-27 14:06:35','获取角色列表'),
(7021,'1','com.ems.system.controller.SysRoleController.getRoleList()','{  }',3,'192.168.32.1','admin',NULL,'2024-10-27 14:06:35','获取角色列表'),
(7022,'1','com.ems.system.controller.SysMenuController.getMenuTable()','{  }',4,'192.168.32.1','admin',NULL,'2024-10-27 14:08:30','获取菜单列表'),
(7023,'1','com.ems.system.controller.SysMenuController.getMenuTable()','{  }',5,'192.168.32.1','admin',NULL,'2024-10-27 14:08:30','获取菜单列表'),
(7024,'1','com.ems.system.controller.SysMenuController.getMenuTable()','{  }',5,'192.168.32.1','admin',NULL,'2024-10-27 14:08:30','获取菜单列表'),
(7025,'1','com.ems.system.controller.SysMenuController.getMenuTable()','{  }',5,'192.168.32.1','admin',NULL,'2024-10-27 14:08:30','获取菜单列表'),
(7026,'1','com.ems.system.controller.SysMenuController.getMenuTable()','{  }',6,'192.168.32.1','admin',NULL,'2024-10-27 14:08:30','获取菜单列表'),
(7027,'1','com.ems.system.controller.SysMenuController.getMenuTree()','{ }',8,'192.168.32.1','admin',NULL,'2024-10-27 14:08:35','获取菜单树'),
(7028,'1','com.ems.system.controller.SysMenuController.editMenu()','{com.ems.system.entity.SysMenu@c9cba61c  }',12,'192.168.32.1','admin',NULL,'2024-10-27 14:08:45','编辑菜单'),
(7029,'1','com.ems.system.controller.SysMenuController.getMenuTable()','{  }',5,'192.168.32.1','admin',NULL,'2024-10-27 14:08:45','获取菜单列表'),
(7030,'1','com.ems.system.controller.SysMenuController.getMenuTree()','{ }',8,'192.168.32.1','admin',NULL,'2024-10-27 14:08:51','获取菜单树'),
(7031,'1','com.ems.system.controller.SysMenuController.getPermission()','{ }',6,'192.168.32.1','admin',NULL,'2024-10-27 14:08:51','获取权限列表'),
(7032,'1','com.ems.system.controller.LoginController.login()','{com.ems.system.entity.dto.UserDto@3da1147a SecurityContextHolderAwareRequestWrapper[ org.springframework.security.web.header.HeaderWriterFilter$HeaderWriterRequest@70753a3f]  }',145,'192.168.32.1','admin',NULL,'2024-10-27 14:09:04','用户登录'),
(7033,'1','com.ems.system.controller.SysMenuController.getMenuTree()','{ }',7,'192.168.32.1','admin',NULL,'2024-10-27 14:09:04','获取菜单树'),
(7034,'1','com.ems.system.controller.SysMenuController.getPermission()','{ }',6,'192.168.32.1','admin',NULL,'2024-10-27 14:09:04','获取权限列表'),
(7035,'1','com.ems.system.controller.SysMenuController.getMenuTree()','{ }',12,'192.168.32.1','admin',NULL,'2024-10-27 14:17:33','获取菜单树'),
(7036,'1','com.ems.system.controller.SysMenuController.getPermission()','{ }',12,'192.168.32.1','admin',NULL,'2024-10-27 14:17:33','获取权限列表'),
(7037,'1','com.ems.system.controller.SysMenuController.getPermission()','{ }',6,'192.168.32.1','admin',NULL,'2024-10-27 14:17:34','获取权限列表'),
(7038,'1','com.ems.system.controller.SysMenuController.getMenuTree()','{ }',6,'192.168.32.1','admin',NULL,'2024-10-27 14:17:34','获取菜单树'),
(7039,'1','com.ems.system.controller.SysMenuController.getPermission()','{ }',4,'192.168.32.1','admin',NULL,'2024-10-27 14:17:36','获取权限列表'),
(7040,'1','com.ems.system.controller.SysMenuController.getMenuTree()','{ }',4,'192.168.32.1','admin',NULL,'2024-10-27 14:17:36','获取菜单树'),
(7041,'1','com.ems.system.controller.SysMenuController.getPermission()','{ }',4,'192.168.32.1','admin',NULL,'2024-10-27 14:17:36','获取权限列表'),
(7042,'1','com.ems.system.controller.SysMenuController.getMenuTree()','{ }',5,'192.168.32.1','admin',NULL,'2024-10-27 14:17:36','获取菜单树'),
(7043,'1','com.ems.system.controller.LoginController.login()','{com.ems.system.entity.dto.UserDto@d1b77ca SecurityContextHolderAwareRequestWrapper[ org.springframework.security.web.header.HeaderWriterFilter$HeaderWriterRequest@7a8e0d1]  }',104,'192.168.32.1','admin',NULL,'2024-10-27 14:19:34','用户登录'),
(7044,'1','com.ems.system.controller.LoginController.login()','{com.ems.system.entity.dto.UserDto@cd53e28 SecurityContextHolderAwareRequestWrapper[ org.springframework.security.web.header.HeaderWriterFilter$HeaderWriterRequest@65be9422]  }',97,'192.168.32.1','admin',NULL,'2024-10-27 14:19:41','用户登录'),
(7045,'1','com.ems.system.controller.SysMenuController.getPermission()','{ }',4,'192.168.32.1','admin',NULL,'2024-10-27 14:19:42','获取权限列表'),
(7046,'1','com.ems.system.controller.SysMenuController.getMenuTree()','{ }',5,'192.168.32.1','admin',NULL,'2024-10-27 14:19:42','获取菜单树'),
(7047,'1','com.ems.system.controller.SysMenuController.getPermission()','{ }',4,'192.168.32.1','admin',NULL,'2024-10-27 14:21:21','获取权限列表'),
(7048,'1','com.ems.system.controller.SysMenuController.getMenuTree()','{ }',3,'192.168.32.1','admin',NULL,'2024-10-27 14:21:21','获取菜单树');

/*Table structure for table `sys_menu` */

DROP TABLE IF EXISTS `sys_menu`;

CREATE TABLE `sys_menu` (
  `id` bigint(20) NOT NULL AUTO_INCREMENT COMMENT '主键ID',
  `name` varchar(40) CHARACTER SET utf8 COLLATE utf8_german2_ci DEFAULT NULL COMMENT '名称',
  `parent_id` bigint(20) DEFAULT NULL COMMENT '父ID',
  `path` varchar(100) CHARACTER SET utf8 COLLATE utf8_german2_ci DEFAULT NULL COMMENT 'url',
  `type` varchar(2) CHARACTER SET utf8 COLLATE utf8_german2_ci DEFAULT NULL COMMENT '类型（1菜单 2页面 3按钮）',
  `sort` int(11) DEFAULT NULL COMMENT '排序',
  `create_time` timestamp NULL DEFAULT CURRENT_TIMESTAMP COMMENT '创建时间',
  `update_time` timestamp NULL DEFAULT NULL COMMENT '修改时间',
  `component` varchar(100) CHARACTER SET utf8 COLLATE utf8_german2_ci DEFAULT NULL COMMENT '组件',
  `permission` varchar(100) CHARACTER SET utf8 COLLATE utf8_german2_ci DEFAULT NULL COMMENT '权限标识',
  `icon` varchar(100) CHARACTER SET utf8 COLLATE utf8_german2_ci DEFAULT NULL COMMENT '图标',
  PRIMARY KEY (`id`) USING BTREE
) ENGINE=InnoDB AUTO_INCREMENT=39 DEFAULT CHARSET=utf8 COLLATE=utf8_german2_ci ROW_FORMAT=DYNAMIC;

/*Data for the table `sys_menu` */

insert  into `sys_menu`(`id`,`name`,`parent_id`,`path`,`type`,`sort`,`create_time`,`update_time`,`component`,`permission`,`icon`) values 
(1,'系统管理',0,NULL,'1',1,NULL,'2024-10-27 14:08:45',NULL,NULL,'iconfont icon-yonghuguanli_huaban'),
(2,'用户管理',1,'/user','2',1,NULL,'2022-10-11 22:39:19','user/index',NULL,'iconfont icon-yonghuguanli_huaban'),
(3,'权限管理',0,'/menu','2',2,'2021-08-18 21:26:01','2024-10-12 22:28:10','menu/index',NULL,'iconfont icon-caidan'),
(11,'日志管理',0,NULL,'1',3,'2021-08-23 22:00:33','2022-10-11 21:27:21',NULL,NULL,'iconfont icon-rizhi'),
(12,'角色管理',1,'/role','2',3,'2021-08-24 20:46:39','2022-10-11 22:39:33','role/index',NULL,'iconfont icon-jiaoseguanli'),
(17,'日志记录',11,'/log','2',1,'2021-11-23 09:32:38','2022-11-10 21:33:05','log/index',NULL,'iconfont icon-rizhi'),
(20,'用户新增',2,'/sys/user/edit','3',1,'2022-01-19 21:57:32','2022-01-19 22:03:54','/sys/user/edit','user:add',NULL),
(21,'用户修改',2,'/sys/user/edit','3',2,'2022-01-19 22:04:41',NULL,'/sys/user/edit','user:edit',NULL),
(22,'用户删除',2,'/sys/user/del','3',3,'2022-01-19 22:05:17',NULL,'/sys/user/del','user:del',NULL),
(23,'菜单新增',3,'/sys/menu/edit','3',1,'2022-01-19 22:06:31','2022-01-19 22:07:31','/sys/menu/edit','menu:add',NULL),
(24,'菜单修改',3,'/sys/menu/edit','3',2,'2022-01-19 22:06:53',NULL,'/sys/menu/edit','menu:edit',NULL),
(25,'菜单删除',3,'/sys/menu/del','3',3,'2022-01-19 22:07:20','2022-01-19 22:07:40','/sys/menu/del','menu:del',NULL),
(26,'角色新增',12,'/sys/role/edit','3',1,'2022-01-19 22:08:29',NULL,'/sys/role/edit','role:add',NULL),
(27,'角色修改',12,'/sys/role/edit','3',2,'2022-01-19 22:09:06',NULL,'/sys/role/edit','role:edit',NULL),
(28,'角色授权',12,'sys/role/menu/edit','3',3,'2022-01-19 22:11:13','2022-01-19 22:11:22','sys/role/menu/edit','role:authorize',NULL),
(29,'角色删除',12,'/sys/role/del','3',4,'2022-01-19 22:11:52',NULL,'/sys/role/del','role:del',NULL),
(30,'用户列表',2,'/sys/user/table','3',4,'2022-01-20 22:35:59',NULL,'/sys/user/table','user:list',NULL),
(31,'菜单列表',3,'/sys/menu/table','3',4,'2022-01-20 22:36:59',NULL,'/sys/menu/table','menu:list',NULL),
(32,'角色列表',12,'/sys/role/table','3',5,'2022-01-20 22:40:43','2022-01-20 22:40:52','/sys/role/table','role:list',NULL),
(34,'左侧菜单',33,'sys/menu/tree','3',1,'2022-01-20 23:18:03','2022-01-20 23:20:35','sys/menu/tree','menu:tree',NULL),
(36,'启停用户',2,'/sys/user/enabled','3',5,'2022-10-06 12:22:58',NULL,'','user:enabled',NULL);

/*Table structure for table `sys_role` */

DROP TABLE IF EXISTS `sys_role`;

CREATE TABLE `sys_role` (
  `id` bigint(20) NOT NULL AUTO_INCREMENT COMMENT '主键',
  `role_code` varchar(20) CHARACTER SET utf8 COLLATE utf8_german2_ci DEFAULT NULL COMMENT '角色代码',
  `role_name` varchar(20) CHARACTER SET utf8 COLLATE utf8_german2_ci DEFAULT NULL COMMENT '角色名称',
  `create_time` timestamp NULL DEFAULT CURRENT_TIMESTAMP COMMENT '创建时间',
  `description` varchar(200) CHARACTER SET utf8 COLLATE utf8_german2_ci DEFAULT NULL COMMENT '备注',
  `update_time` timestamp NULL DEFAULT NULL COMMENT '修改时间',
  PRIMARY KEY (`id`) USING BTREE
) ENGINE=InnoDB AUTO_INCREMENT=6 DEFAULT CHARSET=utf8 COLLATE=utf8_german2_ci ROW_FORMAT=DYNAMIC;

/*Data for the table `sys_role` */

insert  into `sys_role`(`id`,`role_code`,`role_name`,`create_time`,`description`,`update_time`) values 
(1,'ROLE_ADMIN','超级管理员','2021-08-25 22:55:45','系统唯一超级管理员，可操作任意功能',NULL),
(2,'ROLE_USER','普通用户','2021-11-24 22:47:44','普通用户',NULL),
(3,'ROLE_TEST','测试用户','2021-11-24 22:48:04','测试用户','2021-12-10 23:33:26');

/*Table structure for table `sys_role_menu` */

DROP TABLE IF EXISTS `sys_role_menu`;

CREATE TABLE `sys_role_menu` (
  `id` bigint(20) NOT NULL AUTO_INCREMENT COMMENT '主键',
  `role_id` bigint(20) DEFAULT NULL COMMENT '角色ID',
  `menu_id` bigint(20) DEFAULT NULL COMMENT '菜单ID',
  `create_time` timestamp NULL DEFAULT CURRENT_TIMESTAMP COMMENT '创建时间',
  `update_time` timestamp NULL DEFAULT NULL COMMENT '修改时间',
  PRIMARY KEY (`id`) USING BTREE
) ENGINE=InnoDB AUTO_INCREMENT=39 DEFAULT CHARSET=utf8 COLLATE=utf8_german2_ci ROW_FORMAT=DYNAMIC;

/*Data for the table `sys_role_menu` */

insert  into `sys_role_menu`(`id`,`role_id`,`menu_id`,`create_time`,`update_time`) values 
(33,2,17,'2022-10-06 12:14:36',NULL),
(34,2,11,'2022-10-06 12:14:36',NULL),
(35,2,30,'2022-10-06 12:14:36',NULL),
(36,3,32,'2022-11-08 23:00:11',NULL),
(37,3,17,'2022-11-08 23:00:11',NULL),
(38,3,11,'2022-11-08 23:00:11',NULL);

/*Table structure for table `sys_role_user` */

DROP TABLE IF EXISTS `sys_role_user`;

CREATE TABLE `sys_role_user` (
  `id` bigint(20) NOT NULL AUTO_INCREMENT COMMENT '主键',
  `user_id` bigint(20) DEFAULT NULL COMMENT '用户ID',
  `role_id` bigint(20) DEFAULT NULL COMMENT '角色ID',
  `create_time` timestamp NULL DEFAULT CURRENT_TIMESTAMP COMMENT '创建时间',
  `update_time` timestamp NULL DEFAULT NULL COMMENT '修改时间',
  PRIMARY KEY (`id`) USING BTREE
) ENGINE=InnoDB AUTO_INCREMENT=34 DEFAULT CHARSET=utf8 COLLATE=utf8_german2_ci ROW_FORMAT=DYNAMIC;

/*Data for the table `sys_role_user` */

insert  into `sys_role_user`(`id`,`user_id`,`role_id`,`create_time`,`update_time`) values 
(1,1,1,'2021-11-17 23:00:35',NULL),
(31,2,2,'2024-10-27 14:03:16',NULL),
(32,10,2,'2024-10-27 14:03:22',NULL),
(33,10,3,'2024-10-27 14:03:22',NULL);

/*Table structure for table `sys_user` */

DROP TABLE IF EXISTS `sys_user`;

CREATE TABLE `sys_user` (
  `id` bigint(20) NOT NULL AUTO_INCREMENT COMMENT '主键',
  `email` varchar(100) CHARACTER SET utf8 COLLATE utf8_german2_ci DEFAULT NULL COMMENT '邮箱',
  `username` varchar(50) CHARACTER SET utf8 COLLATE utf8_german2_ci DEFAULT NULL COMMENT '用户名',
  `password` varchar(100) CHARACTER SET utf8 COLLATE utf8_german2_ci DEFAULT NULL COMMENT '密码',
  `create_time` timestamp NULL DEFAULT CURRENT_TIMESTAMP ON UPDATE CURRENT_TIMESTAMP COMMENT '创建时间',
  `enabled` bit(1) DEFAULT NULL COMMENT '状态（0停用 1启用）',
  `nick_name` varchar(50) CHARACTER SET utf8 COLLATE utf8_german2_ci DEFAULT NULL COMMENT '昵称',
  `update_time` timestamp NULL DEFAULT NULL COMMENT '修改时间',
  PRIMARY KEY (`id`) USING BTREE
) ENGINE=InnoDB AUTO_INCREMENT=11 DEFAULT CHARSET=utf8 COLLATE=utf8_german2_ci ROW_FORMAT=DYNAMIC;

/*Data for the table `sys_user` */

insert  into `sys_user`(`id`,`email`,`username`,`password`,`create_time`,`enabled`,`nick_name`,`update_time`) values 
(1,'123@qq.com','admin','$2a$10$mRg0FgMEWxi5d5NVdjiShOEb7yn3/ZnkidqAZOc0Kgw1IHtzE0F9q','2023-01-01 00:19:38','','超级管理员',NULL),
(2,NULL,'user','$2a$10$b5mQxndMAYD3cOnqVyENHOFCRu7lgOY0etmNT5JRtX9RGz.Bkh.jC','2024-10-27 14:03:16','','18224827734','2024-10-27 14:03:16'),
(10,NULL,'test2','$2a$10$EjKoqaTyrPpPAL7GYHH27.4iccEb4/J3NhQylM.SbeRCw59a5odRq','2024-10-27 14:03:22','\0','13588666','2024-10-27 14:03:22');

/*!40101 SET SQL_MODE=@OLD_SQL_MODE */;
/*!40014 SET FOREIGN_KEY_CHECKS=@OLD_FOREIGN_KEY_CHECKS */;
/*!40014 SET UNIQUE_CHECKS=@OLD_UNIQUE_CHECKS */;
/*!40111 SET SQL_NOTES=@OLD_SQL_NOTES */;
